id,first_name,last_name,email,gender,birthdate,language,race,University,skills
1,Luis,Fawdry,lfawdry0@histats.com,male,2023-02-14,Maori,Nicaraguan,Villa Julie College,CDISC
2,Francesca,Vakhlov,fvakhlov1@nationalgeographic.com,female,2023-08-29,Italian,Chilean,Police Academy in Bratislava,Brocade Fibre Switches
3,Erin,Ahrend,eahrend2@live.com,female,2023-09-22,Afrikaans,Potawatomi,Salem College,IEC 61131-3
5,Kristoforo,Kerrane,kkerrane4@wired.com,male,2023-07-20,Bulgarian,Alaska Native,Universidad Autónoma de Centro América,FNMA
6,Ebenezer,Charopen,echaropen5@vk.com,non binary,2023-01-04,Lithuanian,Salvadoran,Banking University of Ho Chi Minh City,SBR
8,Nicolina,Simonitto,nsimonitto7@thetimes.co.uk,female,2023-09-30,Punjabi,American Indian,Tel Aviv University,WSDL
11,Jessi,Aspole,jaspolea@apache.org,female,2023-09-01,Malagasy,Sioux,Universidad Católica de Córdoba,Firewalls
12,Lucinda,Licas,llicasb@soup.io,female,2023-03-19,Georgian,Chinese,Universidad Chileno Britanica de Cultura,BTE
16,Ashly,Childerley,achilderleyf@ox.ac.uk,female,2023-05-11,Maori,Japanese,ISFORT  Institut de Formation en Technologie Alimentaire,OLEDB
17,Clifford,Sarfat,csarfatg@ovh.net,male,2023-08-30,Northern Sotho,Yakama,Fachhochschule Kufstein ,Piloting
19,Shermie,Phelipeau,sphelipeaui@e-recht24.de,male,2023-02-07,Bengali,Potawatomi,Eastern Oregon University,Media Relations
20,Flora,Dowdle,fdowdlej@mapquest.com,female,2023-02-04,Dzongkha,Kiowa,Université de Dschang,Budgets
21,Gabriell,Kier,gkierk@mozilla.com,female,2023-03-26,Hebrew,Delaware,Baptist Bible College of Pennsylvania,Cell
22,Kimbra,Egel,kegell@mozilla.org,female,2023-03-29,Spanish,Crow,American Business & Technology University,Aerodynamics
24,Lothaire,Jertz,ljertzn@mediafire.com,male,2023-07-15,Greek,Yaqui,Astrakhan State University,Human Capital Management
25,Casandra,Eddow,ceddowo@deliciousdays.com,polygender,2023-02-17,Polish,Chinese,Massachusetts College of Art,LCD Projectors
27,Selle,Tillot,stillotq@ustream.tv,female,2023-04-13,Northern Sotho,Lumbee,Yanbu University College,Yardi
28,Bart,Furniss,bfurnissr@mozilla.org,male,2023-02-12,Punjabi,Ute,Al alBayt University,Kernel Programming
29,Starlene,Etter,setters@netscape.com,female,2023-03-13,Dzongkha,Laotian,Sherman College of Straight Chiropractic,Kitchen amp Bath Design
30,Saxe,Kornousek,skornousekt@quantcast.com,male,2023-06-23,Swedish,Paraguayan,University of Tennessee  Martin,Musical Theatre
32,Emlyn,Whittlesey,ewhittleseyv@house.gov,male,2023-01-07,Persian,Guatemalan,University of Puget Sound,Fraud
33,Ab,Emmatt,aemmattw@flavors.me,male,2023-06-08,Pashto,Vietnamese,St. Anselm College,Blended Learning
34,Baron,Ibbeson,bibbesonx@usnews.com,non binary,2023-08-13,Filipino,Paiute,Universidade Cruzeiro do Sul,Outpatient Orthopedics
38,Kamila,Tomini,ktomini11@ocn.ne.jp,female,2023-09-18,Sotho,Hmong,Ungku Omar Premier Polytechnic,Catering
39,Andros,Gaymer,agaymer12@ning.com,male,2023-07-06,Hindi,Pueblo,Omsk State Pedagogical University,PJM
40,Zebulon,Soane,zsoane13@gravatar.com,male,2023-02-11,Hebrew,Seminole,Oradea University,JCT
41,Reade,Rispin,rrispin14@opera.com,male,2023-04-27,Belarusian,Seminole,Khmelnitsky National University,Pyrosequencing
43,Dinnie,Limming,dlimming16@godaddy.com,female,2023-09-22,Maori,Creek,Arab American University  Jenin,Lyric Soprano
45,Dorotea,Hearnaman,dhearnaman18@mayoclinic.com,female,2023-10-03,Yiddish,Asian,Universitas Indonusa Esa Unggul,DH+
48,Liva,Benford,lbenford1b@bbc.co.uk,female,2023-02-01,Azeri,Indonesian,Nara University of Education,Supply Chain Optimization
49,Lacey,Longmaid,llongmaid1c@wsj.com,female,2023-06-24,Gagauz,Paraguayan,Fatih University,Turbo C++
51,Sibel,Jagiello,sjagiello1e@furl.net,female,2023-09-28,Maori,South American,University of Szczecin,Transportation Management
52,Ira,Paullin,ipaullin1f@nationalgeographic.com,male,2023-06-21,Bulgarian,Chippewa,Belmont Abbey College,SWOT analysis
54,Aguie,Kitteridge,akitteridge1h@npr.org,male,2023-02-24,Greek,Cuban,Northwest Normal University Lanzhou,TV series
55,Herve,Vodden,hvodden1i@disqus.com,male,2023-01-16,Dutch,Korean,Volyn National University Lesja Ukrainka,FCAPS
56,Tome,Cromblehome,tcromblehome1j@usatoday.com,male,2023-05-19,Marathi,Seminole,Concordia University River Forest,QS9000
57,Felike,Dumbleton,fdumbleton1k@youku.com,male,2023-04-27,New Zealand Sign Language,Cree,Tokyo Metropolitan Institute of Technology,Mac OS X Server
58,Jordana,Roscher,jroscher1l@myspace.com,female,2023-07-03,Fijian,Thai,Pontificia Università S. Tommaso,HDF5
59,Tobi,Kennet,tkennet1m@diigo.com,female,2023-01-25,Aymara,Venezuelan,ICI University,RTF
60,Sancho,Cottie,scottie1n@state.tx.us,male,2023-02-12,Guarani,Argentinian,Heilongjiang Commercial University,Helicopters
61,Connor,Finnick,cfinnick1o@dropbox.com,male,2023-08-05,Dutch,Uruguayan,Georgetown University,VMware
62,Zelig,Latour,zlatour1p@hibu.com,male,2023-09-25,Bislama,Peruvian,University of Twente,Databases
64,Darda,Carp,dcarp1r@theatlantic.com,female,2023-01-08,Swahili,Sri Lankan,University Goce Delcev,Sleep Apnea
65,Lewiss,Kopf,lkopf1s@icq.com,male,2023-01-29,Swati,Vietnamese,Mahachulalongkorn Buddhist University,IT Solutions
66,Charmine,Clegg,cclegg1t@printfriendly.com,female,2023-04-13,Quechua,Ute,University of Virginia,DMMs
69,Elsi,Pilbeam,epilbeam1w@statcounter.com,female,2023-08-10,Lithuanian,Pima,Mariano Marcos State University,iPhone Support
70,Carney,Neylan,cneylan1x@pbs.org,male,2023-08-19,Malay,Black,Osaka University of Foreign Studies,Design Thinking
75,Adena,Lacase,alacase22@google.de,female,2023-05-02,Kazakh,Taiwanese,Sevastopol National Technical University,Differentiated Instruction
76,Dorita,Gligoraci,dgligoraci23@amazon.com,female,2023-03-25,Romanian,Micronesian,University Center César Ritz,NCDA
77,Consalve,Millin,cmillin24@adobe.com,agender,2023-01-04,Gagauz,Peruvian,South East European University,High Yield
78,Syman,Sandland,ssandland25@hud.gov,male,2023-05-13,French,Menominee,Academy of Arts in Banská Bystrica,WebLogic
80,Ogden,Sprott,osprott27@cafepress.com,male,2023-06-05,Indonesian,Lumbee,Corporación Universitaria de Santander ,Curriculum Development
81,Emlyn,Zorzenoni,ezorzenoni28@t-online.de,genderfluid,2023-01-11,Irish Gaelic,Polynesian,Royal Military College of Canada,MDX
82,Mariejeanne,Eskrick,meskrick29@nyu.edu,female,2023-04-12,Somali,Cambodian,RandolphMacon College,Physician Relations
83,Geri,Korb,gkorb2a@pinterest.com,male,2023-01-20,Kyrgyz,Dominican ,Link Campus University of Malta,CSS
84,Gaylord,Minton,gminton2b@amazonaws.com,genderfluid,2023-09-26,Tetum,Yakama,College of Mount St. Vincent,iWeb
85,Clayson,Sattin,csattin2c@wikipedia.org,male,2023-01-23,English,Pakistani,Institut Supérieur de Commerce et d'Administration des Entreprises,Fitness
86,Carmel,Scotchforth,cscotchforth2d@amazon.co.uk,female,2023-03-27,Dhivehi,Puget Sound Salish,University of Utah,Public Safety
87,Robenia,Macgovern,rmacgovern2e@sfgate.com,female,2023-07-09,Belarusian,Houma,Mount Olive College,Luxury Homes
90,Filbert,Jarville,fjarville2h@accuweather.com,male,2023-03-09,Haitian Creole,Cuban,Bahcesehir University,Emerging Markets
92,Warde,Somerled,wsomerled2j@creativecommons.org,male,2023-09-21,New Zealand Sign Language,Chamorro,Tokai University Educational System,HP Proliant
94,Lou,Oertzen,loertzen2l@fema.gov,male,2023-09-03,Bengali,Dominican ,Université Henri Poincaré ,WSIB Claims Management
95,Giavani,Dansken,gdansken2m@seattletimes.com,male,2023-04-30,Azeri,Costa Rican,Marquette University,Rigging
96,Winthrop,Oherlihy,woherlihy2n@vinaora.com,male,2023-01-21,Dhivehi,Peruvian,Kawasaki University of Medical Care,Editorial
97,Carolynn,Regnard,cregnard2o@netvibes.com,female,2023-05-16,Tajik,White,Fachhochschule Niederrhein,ERDAS Imagine
98,Mitchell,Nerger,mnerger2p@lulu.com,male,2023-03-29,Afrikaans,Filipino,Seoul National University of Education,Aircraft
100,Brianna,Alexandre,balexandre2r@etsy.com,female,2023-10-03,Bengali,Melanesian,Columbus University,Special Events Coordination
102,Pebrook,Slavin,pslavin2t@fema.gov,male,2023-03-11,Tamil,Osage,Concordia University Irvine,Operational Efficiency
103,Karlotte,Mccritchie,kmccritchie2u@issuu.com,female,2023-09-26,Tamil,Cheyenne,Ho Chi Minh City University of Natural Sciences,LDPC
104,Franni,Wastling,fwastling2v@cdbaby.com,female,2023-06-24,Armenian,Colville,Pokhara University,OxMetrics
105,Nikolos,Maasze,nmaasze2w@sun.com,male,2023-06-06,Finnish,South American,Osaka University of Arts,Wine Tasting
106,Fraser,Tryme,ftryme2x@infoseek.co.jp,male,2023-08-16,Icelandic,Sioux,Basilicata University Potenza,Equity Derivatives
107,Olympie,Marvelley,omarvelley2y@storify.com,female,2023-04-16,Malagasy,Chilean,Mount Union College,eHRPD
108,Petronilla,Littlemore,plittlemore2z@addthis.com,female,2023-02-27,Hebrew,Honduran,Merrimack College,MM modules
109,Andromache,Kuhle,akuhle30@angelfire.com,female,2023-03-19,Azeri,Apache,St. Petersburg State University of Waterway Communications,BMC Patrol
110,Anderea,Sugar,asugar31@blogs.com,genderfluid,2023-04-12,Armenian,Pueblo,Universidad Autónoma de Santo Domingo,Doors
111,Charlot,Godart,cgodart32@disqus.com,female,2023-02-14,Assamese,Honduran,State University of Tetova,PTLLS
113,Orelle,Bestwerthick,obestwerthick34@creativecommons.org,female,2023-06-28,Oriya,Menominee,Evangelische Fachhochschule Hannover,Quality Assurance
115,Jamil,Toretta,jtoretta36@facebook.com,male,2023-05-22,Sotho,Cree,West Coast University,Store Operations
116,Ade,Blennerhassett,ablennerhassett37@nsw.gov.au,male,2023-03-08,Hiri Motu,Black,Bethel College Newton,Kontakt
117,Darla,Marler,dmarler38@ning.com,female,2023-09-06,Estonian,Bangladeshi,New York Chiropractic College,SSL Duality
118,Rosy,Vayro,rvayro39@aboutads.info,female,2023-06-12,Kannada,Asian Indian,College of Computer Science in Lodz,Criminal Law
119,Jacynth,Doret,jdoret3a@thetimes.co.uk,female,2023-04-27,Kyrgyz,Bolivian,University of Texas at Austin,CFI
123,Angele,Ingley,aingley3e@yale.edu,female,2023-06-30,Yiddish,Osage,Seoul National University of Technology,Protein Purification
124,Lyn,Jacquet,ljacquet3f@imageshack.us,genderfluid,2023-10-03,Norwegian,Venezuelan,Shanghai Lixin University of Commerce,MVT
126,Sylvia,Broadbridge,sbroadbridge3h@forbes.com,female,2023-01-10,Belarusian,Malaysian,Kostroma State Technological University,QSE
127,Allys,Stammer,astammer3i@wired.com,female,2023-06-21,Persian,Laotian,State University of New York College of Technology at Alfred,Tunnels
128,Mireille,Revey,mrevey3j@tripadvisor.com,female,2023-07-17,Croatian,Samoan,University of Missouri  Columbia,QC Tools
129,Betty,Chessum,bchessum3k@google.com.hk,female,2023-06-07,Hebrew,Laotian,Taiyuan University of Technology,Undercover
130,Christian,Chalcraft,cchalcraft3l@istockphoto.com,male,2023-02-27,Afrikaans,Japanese,Universidad Veritas,Case Management
131,Bambi,Beed,bbeed3m@fema.gov,female,2023-01-28,Bosnian,Polynesian,Holy Apostles College,Capital Equipment Sales
132,Hiram,Elphick,helphick3n@guardian.co.uk,bigender,2023-08-13,Afrikaans,Hmong,Mountain State University,Focus Groups
133,Sigvard,Tapping,stapping3o@nasa.gov,male,2023-04-27,Estonian,Pima,Vietnam Maritime University,Banquets
134,Engelbert,Sillett,esillett3p@independent.co.uk,male,2023-08-03,Tetum,Paiute,Nagoya University,Audio Typing
135,Lionello,Keave,lkeave3q@answers.com,male,2023-04-23,Lao,Seminole,University of Kansas,TBMCS
139,Avrit,Mcclary,amcclary3u@twitpic.com,female,2023-07-20,Dhivehi,Panamanian,University of Colorado at Boulder,SAP EWM
140,Constance,Bedburrow,cbedburrow3v@smugmug.com,female,2023-08-19,Punjabi,Ecuadorian,Gordon College,Oil on Canvas
141,Barrie,Hinks,bhinks3w@parallels.com,male,2023-09-15,Dutch,Yakama,Kanagawa Dental College,Tax Research
143,Cesaro,Myerscough,cmyerscough3y@harvard.edu,male,2023-08-10,Indonesian,White,Bahria University,Managed Services
145,Corrie,Lau,clau40@indiegogo.com,male,2023-07-22,Amharic,Pima,Hochschule Fulda,Sickness Absence Management
146,Elianora,Stonebridge,estonebridge41@tamu.edu,female,2023-01-01,Mongolian,Korean,Ittihad Private University,On-Set VFX Supervision
147,Brnaba,Drohan,bdrohan42@epa.gov,male,2023-08-21,Tamil,Yakama,Clarkson University,Manufacturing
148,Sonnie,D'aeth,sdaeth43@imdb.com,female,2023-02-04,Dhivehi,Hmong,Prague College,Pharmaceutical Industry
149,Joyann,Lowen,jlowen44@blinklist.com,female,2023-03-03,Czech,Shoshone,Savannah College of Art and Design,Core Banking
150,Virgil,Wallett,vwallett45@cloudflare.com,male,2023-04-05,Hiri Motu,Cuban,Shonan Institute of Technology,IFRS
151,Tomasine,Landell,tlandell46@google.com.au,female,2023-04-08,Mongolian,Korean,Green University of Bangladesh,RF Planning
153,Sloane,Sholem,ssholem48@paypal.com,male,2023-04-19,Polish,Uruguayan,State University of New York College at Plattsburgh,Rural Development
154,Morgen,Hambrook,mhambrook49@samsung.com,agender,2023-06-05,Estonian,Asian,Islamic Azad University Majlesi,Fractional Ownership
155,Konstantine,Fairbairn,kfairbairn4a@booking.com,male,2023-05-09,German,Pima,Institut Teknologi Brunei,Ethics
157,Efrem,Hirthe,ehirthe4c@upenn.edu,male,2023-04-06,Romanian,Native Hawaiian,University of Massachusetts Medical Center at Worcester,TPMS
158,Rubi,Macgoun,rmacgoun4d@economist.com,female,2023-08-23,Japanese,Dominican ,Nepal Sanskrit University,Scrum
160,Dennison,Kewzick,dkewzick4f@abc.net.au,male,2023-01-29,Georgian,Apache,Rajamangala University of Technology Lanna Nan,Operational Due Diligence
161,Hagen,Goldbourn,hgoldbourn4g@usatoday.com,male,2023-07-18,Tamil,Cree,Technische Universität CaroloWilhelmina Braunschweig,Kaledo
162,Tedra,Kacheller,tkacheller4h@homestead.com,female,2023-05-24,Somali,Peruvian,University of Texas at San Antonio,Criminal Justice
163,Shelba,Hebner,shebner4i@umn.edu,female,2023-07-14,Sotho,Lumbee,Universidade Santa Úrsula,WLI
164,Ky,Ginty,kginty4j@bloglovin.com,male,2023-09-11,Armenian,Chinese,Université Ibn Toufail,LSAMS
165,Elena,Beckles,ebeckles4k@blogtalkradio.com,female,2023-01-01,Haitian Creole,Chinese,Ecole Nationale Supérieure de Biologie Appliquée à la Nutrition et à l'Alementation,Corporate Governance
166,Teodor,Huie,thuie4l@rambler.ru,male,2023-07-15,Quechua,Panamanian,Tokyo International University,z/OS
167,Carling,Macfie,cmacfie4m@cdc.gov,male,2023-01-04,Spanish,Alaskan Athabascan,Universitat Rámon Llull,LGBT Rights
168,Abe,Skirvin,askirvin4n@devhub.com,male,2023-05-23,Luxembourgish,Potawatomi,University of Pennsylvania,Tk
169,Eddy,Mattedi,emattedi4o@yahoo.co.jp,male,2023-03-22,Icelandic,Central American,University of Central Missouri,Online Gaming
172,Drud,O'hartnett,dohartnett4r@netscape.com,male,2023-06-04,German,Iroquois,Roberts Wesleyan College,BMC Remedy User
173,Rhoda,Troni,rtroni4s@taobao.com,female,2023-04-01,Marathi,Delaware,Hiroshima Bunkyo Women's University,PBS
174,Addia,O'cosgra,aocosgra4t@nature.com,female,2023-06-21,Japanese,Dominican ,Universidad de Burgos,iPod
175,Aggi,Rosenfelt,arosenfelt4u@tmall.com,female,2023-06-30,Zulu,Kiowa,University of Windsor,Skin Care Products
176,Sammy,Leedes,sleedes4v@ustream.tv,male,2023-01-25,Northern Sotho,Chickasaw,Catholic University of the Sacred Heart,PDMS Design
177,Selina,Jedrychowski,sjedrychowski4w@elpais.com,female,2023-06-14,Ndebele,Potawatomi,Prince of Songkla University,Pivot Tables
178,Zachary,Callen,zcallen4x@flickr.com,male,2023-04-09,Tetum,Cambodian,Universidad Albert Einstein,Knowledge Discovery
179,Andree,Tindley,atindley4y@smugmug.com,female,2023-04-08,Somali,Paiute,GeorgAugust Universität Göttingen,HVAC
180,Bord,Brandle,bbrandle4z@pbs.org,male,2023-01-24,Arabic,Choctaw,Kogakuin University,FX Trading
181,Perry,Livoir,plivoir50@ucsd.edu,male,2023-07-05,Polish,Kiowa,University of Missouri  Kansas City,IFM
182,Perkin,Elgram,pelgram51@biblegateway.com,male,2023-04-01,Danish,Sioux,Dalhousie University,ODD
183,Drusi,Clapham,dclapham52@theglobeandmail.com,female,2023-01-08,Azeri,Yakama,Albertus Magnus College,Content Strategy
184,Reggie,Giblett,rgiblett53@ezinearticles.com,male,2023-01-01,Punjabi,Colombian,Universidad Mariana,Ventilation
186,Haze,Kirimaa,hkirimaa55@nymag.com,non binary,2023-09-03,Albanian,Uruguayan,University of Applied Sciences Basel ,VHDL
187,Korie,Feben,kfeben56@howstuffworks.com,female,2023-07-13,Somali,Sioux,Fukushima University,Contract Management
188,Teriann,Doles,tdoles57@weebly.com,female,2023-05-16,Greek,Potawatomi,Universidad Técnica de Esmeraldas Luis Vargas Torres,FDTD
190,Barrie,Damsell,bdamsell59@newsvine.com,male,2023-03-25,Hungarian,Spaniard,Helwan University,Yard Management
193,Kandace,Castellino,kcastellino5c@mapquest.com,female,2023-08-12,Yiddish,Iroquois,University of Findlay,KnockoutJS
194,Manfred,O'deegan,modeegan5d@wix.com,male,2023-04-15,Armenian,Nicaraguan,Université de FrancheComté,Tourism
196,Elicia,Giacomoni,egiacomoni5f@ycombinator.com,female,2023-05-26,Kannada,Samoan,Newcastle University Medicine Malaysia ,Groundwater
197,Pablo,Whymark,pwhymark5g@ftc.gov,male,2023-08-30,West Frisian,Black,Waterford Institute Of Technology,CFM
198,Rhea,Beceril,rbeceril5h@goo.ne.jp,female,2023-04-21,Hiri Motu,Bangladeshi,International College,LTACH
202,Siffre,Claire,sclaire5l@livejournal.com,male,2023-09-05,Tsonga,Mexican,Europäische Fachhochschule,XTRACT
203,Mendie,Harriday,mharriday5m@de.vu,male,2023-01-01,Dzongkha,Cheyenne,University of Pangasinan,Olympic Lifting
206,Matteo,Emery,memery5p@msn.com,male,2023-06-25,Irish Gaelic,White,Fachhochschule Offenburg Hochschule für Technik und Wirtschaft,SRST
208,Daffi,Cumberledge,dcumberledge5r@wiley.com,bigender,2023-06-13,Tsonga,Peruvian,Illinois Institute of Technology,Slope Stability Analysis
210,Hartley,Purslow,hpurslow5t@symantec.com,male,2023-04-09,Kyrgyz,Peruvian,Universitas Sarjanawiyata Tamansiswa,Protein Purification
211,Anna-maria,Bordis,abordis5u@angelfire.com,female,2023-04-16,Montenegrin,Choctaw,University Konstantina Filozov in Nitra,Autism Spectrum Disorders
212,Anica,Hinkins,ahinkins5v@uiuc.edu,female,2023-07-06,Azeri,Asian,Technological University ,Urban Regeneration
213,Goldi,Dandison,gdandison5w@dedecms.com,female,2023-08-15,Indonesian,Black,Bharathiar University,Type Design
216,Ignatius,Pyrton,ipyrton5z@sakura.ne.jp,non binary,2023-04-22,Montenegrin,Salvadoran,Lancaster University Ghana,Human Resources
217,Feliks,Huffadine,fhuffadine60@blogspot.com,male,2023-01-13,Amharic,Apache,Universidad Galileo,TPX
218,Armand,Chrisp,achrisp61@indiegogo.com,male,2023-01-23,Malagasy,Eskimo,Azerbaijan Toursim Institute,IxLoad
219,Kathryne,Northleigh,knorthleigh62@imageshack.us,female,2023-09-03,Swahili,Puerto Rican,Oduduwa University,ESB
220,Nanice,Rookwell,nrookwell63@printfriendly.com,female,2023-02-20,Malay,Eskimo,London Institute of Management and Technology,JTAG
222,Cammy,Griffith,cgriffith65@mediafire.com,male,2023-09-11,Bulgarian,Navajo,Western Michigan University,UV disinfection
223,Bren,Buggs,bbuggs66@amazon.com,male,2023-02-09,Moldovan,Chickasaw,Internationale Fachhochschule Bad Honnef,Ownership
224,Margarethe,Christaeas,mchristaeas67@auda.org.au,female,2023-09-02,Mongolian,Colombian,University of Bradford,RRSP
226,Geralda,Gilhooly,ggilhooly69@google.cn,female,2023-07-01,Latvian,Filipino,University of Jazeera,Criminal Justice
227,Dalton,Sweetland,dsweetland6a@nps.gov,non binary,2023-03-01,Filipino,Black,Freie KunstStudienstätte Ottersberg,Brand Awareness
228,Silva,Klazenga,sklazenga6b@google.cn,female,2023-03-31,Haitian Creole,Filipino,Northeastern Illinois University,IFRS
229,Fayth,Mcmylor,fmcmylor6c@ning.com,female,2023-04-03,Lao,Micronesian,Fachhochschule St. Pölten,RMADS
230,Annaliese,Auld,aauld6d@163.com,female,2023-09-09,Lithuanian,American Indian,Makanlal Chutur Vedi University,Music Production
231,Allyn,Batha,abatha6e@mtv.com,female,2023-03-26,Kurdish,Alaskan Athabascan,Austin College,Private Banking
232,Henderson,Clayal,hclayal6f@last.fm,male,2023-03-07,Gujarati,Micronesian,Nugaal University,HMI Design
233,Joelynn,Runham,jrunham6g@discovery.com,female,2023-03-14,Bengali,Kiowa,Westminster College of Salt Lake City,Ion Exchange
234,Raul,Aries,raries6h@amazonaws.com,male,2023-05-24,Spanish,Ottawa,Urbana University,Test Automation
235,Sutton,Asee,sasee6i@sphinn.com,male,2023-01-20,New Zealand Sign Language,Samoan,Ukrainian Academy of Banking,Plant Identification
237,Roderick,Connow,rconnow6k@chron.com,male,2023-03-02,West Frisian,Cambodian,China Medical University Shenyang,GUI development
238,Jeralee,Calbrathe,jcalbrathe6l@wired.com,female,2023-06-15,Belarusian,Aleut,Appalachian State University,Online Lead Generation
239,Phylys,Dorrins,pdorrins6m@meetup.com,female,2023-02-03,Japanese,Chinese,St Theresa's Medical University,Guided Reading
241,Valery,Spindler,vspindler6o@vimeo.com,female,2023-08-06,Swahili,Shoshone,Fachhochschule Stralsund,PCR
242,Ellsworth,Dominguez,edominguez6p@omniture.com,male,2023-09-25,Bulgarian,Chippewa,University of Kabianga,TUPE
244,Quent,Necrews,qnecrews6r@webmd.com,male,2023-03-26,Gagauz,Pakistani,Maseno University,Sarbanes-Oxley Act
245,Salomon,Paulmann,spaulmann6s@wired.com,male,2023-07-04,Afrikaans,Salvadoran,Ecole Supérieure de Commerce de Brest,MSC Patran
246,Junia,Ciric,jciric6t@yellowpages.com,female,2023-06-12,Hindi,Polynesian,Tainan National College of the Arts,CFR
248,George,Gluyus,ggluyus6v@netscape.com,male,2023-03-16,Tsonga,Asian,Universidad Técnica de Oruro,pgAdmin
249,Henka,Laidler,hlaidler6w@jigsy.com,female,2023-08-15,Tamil,Menominee,University of Horticulture and Food Industry,Home Care
250,Isaac,Figgures,ifiggures6x@newyorker.com,male,2023-09-23,Chinese,Yuman,Fayoum University,Microsoft Office
251,Jourdain,Wylie,jwylie6y@squidoo.com,male,2023-02-12,Hiri Motu,Cherokee,Bengal Engineering College,Social Media Marketing
252,Florida,Bilsland,fbilsland6z@mysql.com,female,2023-03-29,Oriya,Cheyenne,Universidad Nacional de Tumbes,Myriad
253,Dorolice,Domenici,ddomenici70@instagram.com,female,2023-04-16,Bislama,Colombian,Lutheran Bible Institute of Seattle,Spanish
254,Jermaine,Minmagh,jminmagh71@shinystat.com,female,2023-04-04,Kashmiri,Hmong,Columbus University,OC RDC
255,Starr,Collaton,scollaton72@stumbleupon.com,genderqueer,2023-07-23,Northern Sotho,Filipino,Krasnoyarsk State Technical University,Ticketing
256,Desi,Haylock,dhaylock73@163.com,male,2023-05-05,Romanian,Spaniard,Bila Cerkva State Agrarian University,AJAX Toolkit
257,Vanessa,Gregor,vgregor74@cafepress.com,female,2023-03-04,Kannada,Iroquois,Beijing Petroleum University,Corel Draw
259,Cece,Cranmere,ccranmere76@patch.com,male,2023-03-05,Marathi,Hmong,Handelshochschule Leipzig,WSRR
260,Rori,Mcfadin,rmcfadin77@sourceforge.net,female,2023-02-08,Hungarian,Hmong,Cross River University of Science and Technology,Platform LSF
261,Delphinia,Ragdale,dragdale78@chicagotribune.com,female,2023-08-13,Estonian,Pakistani,Monash University Malaysia Campus,Linux KVM
263,Vivyan,Lockless,vlockless7a@foxnews.com,female,2023-08-04,Oriya,Taiwanese,Universidad Central del Ecuador,XML Databases
264,Sileas,Fancourt,sfancourt7b@bloglines.com,female,2023-05-16,Arabic,Native Hawaiian,Belgorod State University,Youth Ministry
265,Sheff,Mcpheat,smcpheat7c@bizjournals.com,male,2023-09-13,Hungarian,Ute,Kogakuin University,IFTA
266,Vaclav,Janosevic,vjanosevic7d@usatoday.com,male,2023-05-26,Papiamento,Shoshone,Universidad Nacional de San Cristóbal de Huamanga,IATA
269,Sheree,Antunez,santunez7g@spotify.com,non binary,2023-09-16,Hiri Motu,Central American,University of Burao,FFampE Procurement
270,Devina,Cruce,dcruce7h@apple.com,female,2023-01-15,Dzongkha,Chamorro,Bluefield State College,Artistic Abilities
271,Burgess,Naseby,bnaseby7i@reference.com,male,2023-03-05,Armenian,Bangladeshi,International University of Business Agriculture and Technology,Sports Play-by-play
273,Kalvin,Ablewhite,kablewhite7k@vkontakte.ru,male,2023-01-07,Hebrew,Argentinian,Kazan State University of Medicine,Aerospace Engineering
274,Dominga,Orehead,dorehead7l@yahoo.co.jp,female,2023-08-13,English,American Indian,University of Palestine,DHTML
275,Nadine,Climer,nclimer7m@foxnews.com,female,2023-02-06,Greek,Cuban,University of Wisconsin  River Falls,Urban Regeneration
276,Chiarra,Rookeby,crookeby7n@earthlink.net,female,2023-03-10,Greek,Latin American Indian,Kodolanyi Janos University College,MPEG2
277,Rhodia,Whetnall,rwhetnall7o@nifty.com,female,2023-01-17,Maltese,Indonesian,Angkor University,Formation Evaluation
278,Falkner,Frantsev,ffrantsev7p@barnesandnoble.com,male,2023-03-10,Swahili,Mexican,Kazan State Academy of Architecture and Civil Engineering,WDM
279,Leif,Wonham,lwonham7q@fc2.com,male,2023-06-02,Malagasy,Cherokee,Universidad Intercontinental,Cost Accounting
280,Louella,Renish,lrenish7r@e-recht24.de,female,2023-09-22,Kurdish,Hmong,University of Wisconsin  Whitewater,RSLinx
281,Toinette,Dunne,tdunne7s@globo.com,female,2023-02-09,Gagauz,Filipino,Deutsche Hochschule für Verwaltungswissenschaften Speyer,Power Generation
283,Ezequiel,Rarity,erarity7u@chicagotribune.com,male,2023-01-09,Tok Pisin,Asian,Cleveland Institute of Art,Power Utilities
284,Hildegarde,Shearmur,hshearmur7v@oaic.gov.au,female,2023-04-01,Kazakh,Taiwanese,Sri Venkateswara University,Cisco VPN
285,Roth,Corsham,rcorsham7w@rambler.ru,male,2023-04-11,Persian,Creek,British University in Dubai,TMJ Treatment
286,Aurore,Hellier,ahellier7x@ft.com,female,2023-03-25,Swahili,Choctaw,Southern Taiwan University of Technology,Workshops
289,Ginevra,Broe,gbroe80@yellowbook.com,genderqueer,2023-06-02,Romanian,South American,University of Technology Jamaica,Spring DM
290,Hugh,Creaney,hcreaney81@stumbleupon.com,male,2023-01-19,Burmese,Native Hawaiian,City University of New York Medgar Evers College,Utilities Management
291,Bailie,Jillions,bjillions82@ovh.net,non binary,2023-06-05,Bosnian,Iroquois,Islamic Azad University Shabestar,Civil Aviation
292,Roxana,Garric,rgarric83@usgs.gov,female,2023-05-07,Assamese,Cambodian,Kanazawa Medical University,Microsoft Dynamics AX
294,Tomkin,Dekeyser,tdekeyser85@ow.ly,male,2023-05-14,Telugu,Eskimo,Astrahan State Technical University,uC/OS-II
295,Aldon,Gooda,agooda86@gov.uk,male,2023-03-15,Tamil,Polynesian,Prague Institute of Chemical Technology,Project Oversight
296,Weber,Matskiv,wmatskiv87@tinypic.com,male,2023-01-28,Catalan,Shoshone,University of Abuja,Corporate Communications
298,Kelsi,Rabson,krabson89@jiathis.com,female,2023-04-12,Icelandic,Paraguayan,Islamic Azad University Shiraz,LWD
299,Zonnya,Towse,ztowse8a@vk.com,female,2023-02-03,Gagauz,Tongan,Ecole des Hautes Etudes Commerciales,FTP software
301,Daniel,Vibert,dvibert8c@miitbeian.gov.cn,male,2023-09-22,Dari,Salvadoran,Ryszard Lazarski University of Commerce and Law in Warsaw,PTCRB
302,Rudd,Paniman,rpaniman8d@cocolog-nifty.com,male,2023-05-30,Fijian,Latin American Indian,Central State University,D3.js
303,Daniele,Mckernon,dmckernon8e@ucla.edu,female,2023-05-26,Irish Gaelic,Paraguayan,International University of Business Agriculture and Technology,IM
304,Emmie,Breinl,ebreinl8f@abc.net.au,female,2023-04-02,Azeri,Micronesian,Lincoln University Missouri,Eblasts
306,Randolph,Murrhaupt,rmurrhaupt8h@patch.com,male,2023-03-27,Albanian,Creek,Universidade Cidade de São Paulo,Real Estate Transactions
307,Barb,Caudelier,bcaudelier8i@tinypic.com,female,2023-08-29,Kurdish,Paiute,Universidad Católica de Santa María,GIS Application
308,Obediah,Spender,ospender8j@wikispaces.com,male,2023-02-07,Yiddish,Native Hawaiian,Pontificia Universidad Católica Madre y Maestra ,Xserve
309,Faustina,Rushton,frushton8k@xrea.com,female,2023-03-21,Filipino,Dominican ,Ashiya University,HPLC
310,Kerwinn,Breukelman,kbreukelman8l@nsw.gov.au,male,2023-03-04,Tswana,Chickasaw,Pannnasatra University of Cambodia,nDo
311,Garald,Dunkerley,gdunkerley8m@rediff.com,male,2023-04-29,Armenian,Dominican ,University of Applied Sciences Rapperswil,Security Audits
312,Burk,Delacour,bdelacour8n@wsj.com,male,2023-01-11,Tswana,Central American,Graduate University for Advanced Studies,HSQE
313,Asia,Wheelton,awheelton8o@tinyurl.com,female,2023-04-04,Mongolian,Indonesian,Brooks Institute of Photography,Apache Pig
314,Klarika,Pollard,kpollard8p@cyberchimps.com,female,2023-08-05,Arabic,Ottawa,Hsuan Chuang University,Hmong
315,Sibilla,Mcvrone,smcvrone8q@hao123.com,female,2023-02-27,Malay,Yuman,Aikoku Gakuen University,HTML
317,Katey,Pasterfield,kpasterfield8s@time.com,female,2023-08-07,Tajik,Micronesian,Université Amar Telidji,Auditing
318,Peadar,Wanjek,pwanjek8t@globo.com,male,2023-01-21,Swedish,Blackfeet,Applied Science University,Grief Counseling
319,Arleta,Addenbrooke,aaddenbrooke8u@tripod.com,female,2023-09-11,Kurdish,Mexican,Massachusetts Maritime Academy,DXL
320,Chucho,Girardeau,cgirardeau8v@ibm.com,male,2023-01-03,Sotho,Indonesian,Tilburg University,Computer Graphics
321,Lemuel,Betteney,lbetteney8w@xing.com,male,2023-02-16,Catalan,Asian,Augustana College,SMED
324,Pearla,Artindale,partindale8z@ifeng.com,female,2023-02-21,Chinese,Vietnamese,KROK Economics and Law University,TI DSPs
325,Myrah,Atterley,matterley90@gov.uk,female,2023-07-25,Kazakh,Nicaraguan,Obninsk State Technical University for Nuclear Power Engineering,MHE
326,Amory,Langstrath,alangstrath91@altervista.org,genderfluid,2023-02-03,Zulu,Laotian,Millikin University,History
327,Teresina,Pencost,tpencost92@europa.eu,genderfluid,2023-04-04,Hungarian,Panamanian,Pedagogical University of Zielona Gora,Hearings
328,Goddard,Keller,gkeller93@jimdo.com,male,2023-05-06,Telugu,Melanesian,Izmir Economic University,LGBT Rights
330,Heywood,Coper,hcoper95@fema.gov,male,2023-06-24,Northern Sotho,Native Hawaiian,Moldova Technical University,WPC
332,Gwenette,Etchingham,getchingham97@4shared.com,female,2023-05-19,Tajik,Korean,Tashkent Islam University,Geophysics
333,Finn,Burress,fburress98@themeforest.net,male,2023-10-01,Albanian,Filipino,International School of Management in Prešov,Chromatography
334,Amber,O'lunny,aolunny99@cafepress.com,female,2023-04-25,Lithuanian,Guamanian,Université des Sciences et de la Technologie d'Oran,Life Insurance
335,Laryssa,Guerreau,lguerreau9a@tripod.com,female,2023-03-09,Greek,Tongan,Silpakorn University,IxChariot
336,Juana,Dunstall,jdunstall9b@usda.gov,female,2023-01-06,Marathi,Cuban,Politeknik Negeri Semarang,Production Planning
337,Kylie,Colebourne,kcolebourne9c@about.me,male,2023-07-31,Greek,Blackfeet,Shanghai Second Medical University,JUNOS
338,Quentin,Wigmore,qwigmore9d@mapquest.com,female,2023-02-01,Albanian,Asian Indian,Hilbert College,Vegetables
339,Franklin,Blessed,fblessed9e@yellowbook.com,male,2023-07-05,Kazakh,Creek,Universitas Muhammadiyah Mataram,Computer Network Operations
340,Melitta,Antonomolii,mantonomolii9f@nps.gov,female,2023-02-08,Moldovan,Houma,Belmont University,Military Training
341,Lani,Allner,lallner9g@wix.com,female,2023-05-12,English,Taiwanese,Minia University,SNMP
342,Kile,Macleod,kmacleod9h@is.gd,male,2023-08-04,Belarusian,American Indian,Royal Academy of Music,Kinematics
343,Dorthy,Herion,dherion9i@ihg.com,female,2023-04-05,Bulgarian,Hmong,SojournerDouglass College,NGS
344,Mahalia,Degoix,mdegoix9j@etsy.com,female,2023-02-14,Afrikaans,Taiwanese,Tarbiat Modares University,Non-profit Volunteering
345,Fidole,Duesbury,fduesbury9k@hud.gov,male,2023-09-07,Maori,Argentinian,ICFAI University,Newsletters
346,Cecilla,Lotherington,clotherington9l@wufoo.com,female,2023-04-04,Yiddish,Lumbee,Guizhou Normal University,Bathrooms
347,Kile,Rosenblad,krosenblad9m@shutterfly.com,genderqueer,2023-07-26,Hebrew,Uruguayan,Hiroshima Shudo University,PXI
348,Corey,Richley,crichley9n@qq.com,female,2023-05-24,Maori,Peruvian,Tokyo University of Agriculture and Technology,Business Process Improvement
349,Gayelord,Disbury,gdisbury9o@kickstarter.com,male,2023-07-15,Assamese,Polynesian,Azerbaijan Technical University,Laptops
351,Willem,Elger,welger9q@slideshare.net,male,2023-02-23,Irish Gaelic,Chinese,University of the Philippines Open University,MS Excel Pivot Tables
352,Harrison,Hartright,hhartright9r@behance.net,male,2023-05-22,Kannada,Puget Sound Salish,Nanjing University of Posts and Telecommunications,RFLP
353,Abelard,Busch,abusch9s@mtv.com,male,2023-08-06,Lithuanian,Crow,Cheyney University of Pennsylvania,Ticketing
354,Derril,Birtley,dbirtley9t@google.co.jp,male,2023-02-11,Bislama,Delaware,Technological University ,Heavy Equipment
355,Ninette,Navaro,nnavaro9u@rakuten.co.jp,female,2023-01-19,Marathi,Yakama,Kohinoor School of Hospitality Management,VMM
356,Milton,Arnowitz,marnowitz9v@upenn.edu,male,2023-09-30,Quechua,Black,Rush University,UDS
358,Gratiana,Muirden,gmuirden9x@g.co,female,2023-06-01,Fijian,Navajo,Universitas Katolik Widya Karya,Historical Research
359,Allegra,Plessing,aplessing9y@51.la,female,2023-02-20,Bulgarian,Korean,University of Technology  Iraq,European Law
360,Elliot,Camelin,ecamelin9z@hud.gov,genderfluid,2023-02-10,Zulu,Central American,Hebei Agricultural University,Social Justice
363,Amory,Guerro,aguerroa2@webnode.com,male,2023-04-24,Gagauz,Samoan,Ghana Telecom University College,Performance Improvement
364,Angil,Brave,abravea3@about.com,female,2023-04-14,Filipino,Costa Rican,St. Petersburg State University of Aerospace Instrumentation,SAP PP
365,Myron,Ivanenkov,mivanenkova4@nih.gov,male,2023-07-14,Irish Gaelic,Melanesian,Northwestern College Iowa,CSLA
366,Tasha,Tipens,ttipensa5@bing.com,female,2023-03-30,Burmese,Cambodian,AlAhliyya Amman University,Editing
367,Griswold,Smiley,gsmileya6@prlog.org,male,2023-09-10,Macedonian,Panamanian,Kwararafa University,Events Organisation
368,Leilah,Dallosso,ldallossoa7@google.it,female,2023-01-22,West Frisian,Hmong,Western Baptist College,MySQL
369,Nicolas,Giacomasso,ngiacomassoa8@salon.com,male,2023-09-20,Mongolian,Asian Indian,Case Western Reserve University,GNU Debugger
371,Currey,Murcott,cmurcottaa@tripadvisor.com,male,2023-08-27,Punjabi,Malaysian,Universidad Autónoma de Nayarit,CPI
372,Catlee,Phillimore,cphillimoreab@example.com,female,2023-09-08,Khmer,Ottawa,Pontificia Universidad Catolica de Chile,Process Simulation
373,Sebastian,Angelini,sangeliniac@bigcartel.com,male,2023-08-13,Macedonian,Seminole,Institute of Management and Technical Studies ,TMJ Dysfunction
374,Hakim,Kaplin,hkaplinad@opera.com,male,2023-09-09,Sotho,Hmong,Kahramanmaras Sütcü Imam University,Workforce Management
375,Mychal,Dohms,mdohmsae@hexun.com,non binary,2023-08-03,Mongolian,Colville,Universidad Central de Venezuela,Freight Forwarding
377,Benoit,Menel,bmenelag@example.com,male,2023-03-31,Azeri,Osage,Knowledge College for Science and Technology,Information Security Awareness
378,Devland,Dunniom,ddunniomah@pagesperso-orange.fr,male,2023-01-13,Oriya,Cheyenne,University of Michigan  Flint,FM Radio
381,Crista,Gallyhaock,cgallyhaockak@sohu.com,female,2023-06-27,Lithuanian,Tohono O'Odham,University of Sunderland,NCAA Compliance
382,Flossy,Scawen,fscawenal@nasa.gov,female,2023-06-16,Malayalam,Ecuadorian,Moulana Azad national Urdu University,CTRS
385,Rianon,Sullens,rsullensao@lycos.com,female,2023-01-17,Arabic,Argentinian,Far East State Transport University,TDM
386,Celene,Lyddy,clyddyap@howstuffworks.com,female,2023-10-02,Chinese,White,Mimasaka Women's College,TPL
387,Wain,Worboy,wworboyaq@technorati.com,male,2023-01-22,Malay,Tohono O'Odham,Shibaura Institute of Technology,FPSO
388,Hughie,Raylton,hrayltonar@patch.com,male,2023-01-10,Northern Sotho,Sri Lankan,University of Manitoba,DBVisualizer
389,Marys,Mcdonnell,mmcdonnellas@shutterfly.com,agender,2023-07-17,Guarani,Pima,Mustafa Kemal University,GCC
391,Malissa,Stoneham,mstonehamau@ftc.gov,female,2023-09-29,Montenegrin,Iroquois,Columbia University,Client Aquisition
393,Romola,Iceton,ricetonaw@furl.net,female,2023-03-28,Macedonian,Melanesian,University of Cape Town,Franchising
394,Dorri,O'driscoll,dodriscollax@bloomberg.com,bigender,2023-08-29,Assamese,Japanese,Oriental University,VMware vSphere
397,Binni,Pohls,bpohlsb0@spiegel.de,non binary,2023-05-30,Tetum,Crow,University of Rousse,GTP
398,Westleigh,Dory,wdoryb1@clickbank.net,male,2023-01-17,Portuguese,Cuban,California College San Diego,Tablet PC
399,Elliot,Petrescu,epetrescub2@acquirethisname.com,male,2023-07-09,Sotho,Venezuelan,Institute of Classical Studies University of London,VPN
400,Nicolina,Healks,nhealksb3@com.com,female,2023-07-31,Kurdish,Guamanian,Universidad Pedagógica Veracruzana,Kickstart
401,Charmion,Lanchbery,clanchberyb4@washington.edu,genderqueer,2023-06-22,Khmer,Polynesian,Central Buganda University,Iptables
402,Clayborn,O'murtagh,comurtaghb5@europa.eu,male,2023-01-03,Portuguese,Osage,Seoul Teological University,RCV
403,Amie,Brydie,abrydieb6@reddit.com,female,2023-09-20,Sotho,Navajo,Taoist College Singapore,MMSC
404,Kelli,Coch,kcochb7@lycos.com,female,2023-09-06,Guarani,Sioux,Higher School of Psychology,Medical Nutrition Therapy
406,Ebenezer,O'finan,eofinanb9@mayoclinic.com,male,2023-06-25,Malagasy,Aleut,Pannnasatra University of Cambodia,Film
409,Shena,Macparlan,smacparlanbc@ucoz.ru,female,2023-07-18,Pashto,Bolivian,Odessa National I.I. Mecnikov University,Forecasting
410,Mathias,Pryce,mprycebd@businesswire.com,male,2023-07-10,Dutch,Asian,Escuela Politécnica del Ejercito,AOD
411,Yetta,Madison,ymadisonbe@gnu.org,female,2023-02-12,Chinese,Comanche,Seigakuin University,DH+
412,Burk,Tallon,btallonbf@discovery.com,male,2023-08-19,Telugu,Menominee,Transylvania University,CBM
413,Brook,Rosencrantz,brosencrantzbg@clickbank.net,male,2023-01-06,Somali,Samoan,COMSATS Institute of Information Technology Abbottabad,International Sales
414,Gael,Mottershaw,gmottershawbh@ca.gov,female,2023-08-23,Kazakh,Malaysian,California State Polytechnic University  Pomona,Operational Oversight
415,Zed,Frankema,zfrankemabi@slate.com,polygender,2023-06-04,Fijian,Guatemalan,Trident University,Website Development
416,Lonee,Cowherd,lcowherdbj@myspace.com,female,2023-05-11,Tswana,Alaska Native,Universidad Nueva Esparta,WCF Services
418,Inna,Scarlon,iscarlonbl@tinypic.com,female,2023-05-02,Gagauz,Chinese,Selkirk College,SLA
420,Nev,Wewell,nwewellbn@hao123.com,male,2023-04-23,Danish,Sri Lankan,Covenant University,LLC
421,Euell,Ortell,eortellbo@uol.com.br,male,2023-08-07,Norwegian,Guatemalan,Harbin University of Science and Technology,CDMA2000
422,Uriah,Batter,ubatterbp@bandcamp.com,male,2023-06-30,Tsonga,Japanese,Lasell College,Medical Billing
423,Nerissa,De ferraris,ndeferrarisbq@php.net,female,2023-09-20,Aymara,Kiowa,Université d'Auvergne ,LynxOS
424,Esme,Kabisch,ekabischbr@independent.co.uk,female,2023-07-01,Somali,Shoshone,Herzen State Pedagogical University of Russia,HSEQ
426,Tandie,Mattheis,tmattheisbt@youtu.be,female,2023-06-12,Kurdish,Aleut,Hochschule Bremen,Commercial Piloting
427,Bethena,Wickens,bwickensbu@wix.com,female,2023-03-13,Swahili,American Indian,Universitas Airlangga,Blender
428,Carree,Jentle,cjentlebv@ebay.co.uk,female,2023-09-27,Swati,Chinese,Université de Bretagne Sud,Black Box Testing
429,Wilfrid,Lilloe,wlilloebw@edublogs.org,male,2023-09-06,Tok Pisin,Eskimo,Sumy National Agrarian University,Segregation of Duties
430,Louisette,Douche,ldouchebx@pbs.org,female,2023-05-01,Hindi,Navajo,University Aurel Vlaicu Arad,Kronos Timekeeping
431,Riane,Niezen,rniezenby@baidu.com,female,2023-08-24,Hiri Motu,Malaysian,School of Management Fribourg,Vulnerability Scanning
432,Blondelle,Jeannaud,bjeannaudbz@spiegel.de,female,2023-02-07,Chinese,Central American,Instituto Tecnológico de Aguascalientes,European Law
433,Hallie,Paulusch,hpauluschc0@paypal.com,female,2023-09-07,Tajik,Peruvian,Osaka University of Arts,Unified Communications
434,Giordano,Jenkins,gjenkinsc1@miibeian.gov.cn,male,2023-09-12,Estonian,Guamanian,University of Ghana,LCR
435,Roland,Griswood,rgriswoodc2@mac.com,male,2023-08-20,Afrikaans,Cheyenne,Indian Law Institue,Financial Reporting
436,Torrance,Grissett,tgrissettc3@networkadvertising.org,male,2023-06-11,Swedish,Pima,MacEwan University,CDM Coordinator
437,Kaspar,Legrice,klegricec4@friendfeed.com,male,2023-08-12,Danish,Peruvian,Police Academy,Shrinkage
438,Brandyn,Macquarrie,bmacquarriec5@indiatimes.com,male,2023-01-18,Haitian Creole,Cree,Arab Academy for Science & Technology,Gas Turbines
441,Germaine,Arnow,garnowc8@rambler.ru,female,2023-08-28,Spanish,Kiowa,Acdemic Center for Law and Business,Avid
442,Tedd,Benneyworth,tbenneyworthc9@cyberchimps.com,male,2023-08-21,English,Central American,Instituto Mauá de Tecnologia,Appraisals
443,Jemmie,Skermer,jskermerca@barnesandnoble.com,female,2023-05-31,Azeri,Chamorro,University of Maine Farmington,Psychometrics
444,Kerianne,Kun,kkuncb@java.com,female,2023-06-15,Swati,Colville,Universiti Teknologi Mara,SnagIt
446,Kimmie,Mustarde,kmustardecd@51.la,female,2023-07-26,English,Uruguayan,Bahir Dar University,Microsoft Project
447,Swen,Wildor,swildorce@fotki.com,male,2023-08-02,Bulgarian,Sri Lankan,Langston University,MW
450,Cindie,Stannett,cstannettch@lycos.com,female,2023-02-16,Thai,Black,Universidad Salesiana de Bolivia,Interior Design
451,Abdul,Concannon,aconcannonci@list-manage.com,male,2023-06-24,Hiri Motu,Cherokee,Moscow State Automobile and Road Technical University,Blues
452,Justine,Ianiello,jianiellocj@guardian.co.uk,female,2023-05-25,Polish,Salvadoran,Université Louis Pasteur ,NNTP
454,Korrie,Kerry,kkerrycl@about.me,female,2023-05-19,Dhivehi,Ecuadorian,Sanjay Gandhi Postgraduate lnstitute of Medical Sciences,LaTeX
455,Kirstin,Killcross,kkillcrosscm@unicef.org,female,2023-06-10,Romanian,Asian Indian,Fort Lewis College,Hypnotherapy
456,Clo,Casotti,ccasotticn@nbcnews.com,female,2023-06-04,Norwegian,Hmong,Wuhan Automobile Polytechnical University,Wedding DJ
457,Siusan,Merritt,smerrittco@woothemes.com,female,2023-05-25,Afrikaans,Melanesian,Universidad Peruana Union,Windows Vista
458,Avrit,Dubarry,adubarrycp@nsw.gov.au,female,2023-08-09,Tok Pisin,Thai,Universidad del Salvador,Customs Regulations
459,Belicia,Ghidoli,bghidolicq@springer.com,female,2023-01-18,Irish Gaelic,Mexican,Hanyang University,Health Education
460,Jorie,Ingarfill,jingarfillcr@prweb.com,female,2023-08-20,Guarani,Alaskan Athabascan,Kuban State University of Technology,CMYK
461,Sanderson,Childers,schilderscs@behance.net,male,2023-04-28,Aymara,Vietnamese,Universidad del Caribe,Olympic Lifting
462,Salomo,Howick,showickct@infoseek.co.jp,male,2023-04-27,Fijian,Chippewa,Aga Khan University,Agility
463,Paige,Hurl,phurlcu@independent.co.uk,genderqueer,2023-04-25,German,Mexican,Fakir Mohan University,HP
464,Gusella,Hursthouse,ghursthousecv@goo.gl,female,2023-02-26,Azeri,Latin American Indian,Vilnius University,Formation Evaluation
465,Marcy,Eisikovitsh,meisikovitshcw@wikipedia.org,bigender,2023-02-03,West Frisian,Potawatomi,Indiana University at Kokomo,Transitional Justice
467,Audrye,Cranefield,acranefieldcy@amazon.co.jp,female,2023-09-01,Khmer,Seminole,Colorado Christian University,jBase
468,Erskine,Bonwick,ebonwickcz@wired.com,male,2023-05-13,Hungarian,Comanche,Logistics Engineering University of PLA,BPMN
469,Thomas,Pavinese,tpavinesed0@ifeng.com,male,2023-02-21,Greek,American Indian,Wissenschaftliche Hochschule für Unternehmensführung OttoBeisheim Hochschule,Logging
472,Bondon,Caberas,bcaberasd3@goo.gl,male,2023-06-14,Aymara,Japanese,Savannah State University,RC
475,Fabien,Krzyzowski,fkrzyzowskid6@scientificamerican.com,male,2023-08-14,Punjabi,Malaysian,Huaqiao University Quanzhuo,Xilinx
476,Derril,Fife,dfifed7@typepad.com,male,2023-04-28,Guarani,Native Hawaiian,Southwestern College Kansas,PV
477,Johnathan,Docksey,jdockseyd8@t.co,male,2023-09-07,Georgian,Argentinian,Politécnico de Guanajuato,Psychological Assessment
480,Cayla,Probin,cprobindb@cisco.com,female,2023-06-13,Tajik,Native Hawaiian,University of Medicine and Pharmacy of Iasi,Scheduling
481,Nata,Misken,nmiskendc@answers.com,female,2023-02-27,Malayalam,Kiowa,Gratz College,GMDSS
483,Arron,Sidry,asidryde@simplemachines.org,agender,2023-05-03,Bislama,Native Hawaiian,Arkansas Tech University,FDTD
485,Henrietta,Vittle,hvittledg@usatoday.com,female,2023-09-10,Luxembourgish,Pueblo,Université de Metz,DB2
486,Ilse,Stuart,istuartdh@washingtonpost.com,female,2023-10-01,Latvian,Seminole,University of Pittsburgh at Greensburg,SDL Trados
487,Lilly,Cometti,lcomettidi@mail.ru,female,2023-04-13,Czech,Houma,University of Trnava,People Management
488,Rhody,Colebeck,rcolebeckdj@merriam-webster.com,female,2023-08-16,Sotho,Colville,Sikha 'O' Anushandhan University,Xerces
489,Luca,Stuckford,lstuckforddk@ebay.com,male,2023-06-21,Japanese,Guatemalan,Ecole Nationale Supérieure des Mines de Paris,Restorative Justice
490,Wake,Cahan,wcahandl@symantec.com,male,2023-03-20,Hiri Motu,Fijian,Griffith University,Resume Writing
491,Tracey,Rashleigh,trashleighdm@g.co,male,2023-04-09,Finnish,Navajo,Babson College,Ecological Restoration
493,Barbaraanne,Acarson,bacarsondo@google.pl,female,2023-08-03,Afrikaans,Salvadoran,Fernuniversität Gesamthochschule Hagen,Job Search
495,Barry,Lade,bladedq@msu.edu,female,2023-04-24,West Frisian,Dominican ,University of Nottingham,WM modules
496,Benedicta,Mcgrouther,bmcgroutherdr@mlb.com,female,2023-09-30,Dari,Sioux,Aichi Prefectural University,eEye Retina
497,Gilles,Barizeret,gbarizeretds@reddit.com,male,2023-09-04,Maori,Potawatomi,Universidad del Tolima,GTAW
499,Adler,Beard,abearddu@printfriendly.com,male,2023-02-21,Romanian,Paraguayan,Escola Superior de Hotelaria e Turismo do Estoril,Ocean Freight
500,Jermain,Marcum,jmarcumdv@ca.gov,male,2023-06-22,Punjabi,Cheyenne,Maejo University,Sports
501,Welch,Royall,wroyalldw@berkeley.edu,male,2023-04-22,Northern Sotho,Seminole,Showa University,CVD
502,Raymund,Hunting,rhuntingdx@bbb.org,male,2023-08-26,West Frisian,Comanche,Kirkwood Community College,Team Mgmt
504,Hubert,Ariss,harissdz@epa.gov,male,2023-07-13,Icelandic,Nicaraguan,Université Mentouri Constantine,CVS
505,Sacha,Klaves,sklavese0@vk.com,female,2023-05-05,Maori,Spaniard,Carlow Institute of Technology,Omnet++
506,Jere,Birkmyr,jbirkmyre1@sciencedaily.com,agender,2023-01-08,Bislama,Indonesian,Monash University,VSE
507,Rona,De dantesie,rdedantesiee2@technorati.com,female,2023-09-13,Azeri,Comanche,New York College of Podiatric Medicine,Outsourcing Management
508,Abbe,Grose,agrosee3@sogou.com,female,2023-06-25,Ndebele,Dominican ,East Delta University,DNA quantification
509,Emanuele,Boakes,eboakese4@feedburner.com,male,2023-07-19,Kurdish,Asian,Kashan University of Medical Sciences,Equipment Maintenance
510,Townie,Ingerith,tingerithe5@cnbc.com,male,2023-08-23,Malay,Dominican ,Jawaharlal Nehru University,Luminex
511,Helene,Yellowlees,hyellowleese6@ehow.com,female,2023-02-14,German,Puget Sound Salish,Fachhochschule BonnRheinSieg,Tally ERP
513,Zeke,Bettanay,zbettanaye8@wikipedia.org,male,2023-05-06,Bulgarian,Alaska Native,University of Madras,Fume FX
514,Dan,Arnli,darnlie9@miitbeian.gov.cn,male,2023-06-19,Somali,Shoshone,Oduduwa University,QPSK
515,Viviene,Carrett,vcarrettea@furl.net,non binary,2023-05-13,Spanish,Ute,Zhengzhou Grain University,Special Education
517,Gay,Rackley,grackleyec@yellowpages.com,female,2023-07-16,Spanish,Yuman,Chongju University,Facilitation
519,Vivie,Dulwitch,vdulwitchee@yellowbook.com,female,2023-09-01,Thai,Chickasaw,Jarvis Christian College,UBD
521,Effie,Tortoise,etortoiseeg@fc2.com,non binary,2023-05-10,Punjabi,American Indian,Universidad Federico Henríquez y Carvajal,Aerospace Manufacturing
522,Candice,Siggs,csiggseh@pbs.org,female,2023-04-15,Greek,Comanche,Technische Universität München,Tgrid
525,Aguie,Jess,ajessek@oakley.com,male,2023-09-14,Malayalam,Venezuelan,Auckland University of Technology,DNSSEC
526,Leila,Aldwich,laldwichel@feedburner.com,genderqueer,2023-08-11,Korean,Tongan,Villa Julie College,Java Enterprise Edition
527,Martainn,Caddock,mcaddockem@friendfeed.com,male,2023-05-22,Punjabi,Melanesian,International University of Kyrgyzstan,Epoxy
528,Ninon,Fossord,nfossorden@cargocollective.com,female,2023-02-21,Hiri Motu,Houma,University of Limerick,PPAPs
532,Shawn,Bucknill,sbuckniller@diigo.com,female,2023-07-23,Somali,White,Buena Vista University,VA Loans
533,Frederigo,Vondrasek,fvondrasekes@php.net,male,2023-06-28,Zulu,Chinese,Bharathidasan University,UTRAN
534,Herbie,Naerup,hnaerupet@constantcontact.com,male,2023-01-02,Tsonga,Guatemalan,Presidency University,DNA quantification
535,Elinor,Mckleod,emckleodeu@senate.gov,female,2023-03-03,Croatian,Nicaraguan,Gonabad University of Medical Sciences,JCA
536,Cynthy,Gare,cgareev@squarespace.com,female,2023-05-23,Pashto,Pakistani,Universidade Federal do Rio de Janeiro,Urban Studies
537,Morry,Holgan,mholganew@boston.com,male,2023-05-12,Malagasy,Bangladeshi,Oklahoma Baptist University,MPEG
540,Jannel,Witherop,jwitheropez@nyu.edu,female,2023-06-27,Swedish,Uruguayan,Iran University of Medical Sciences,Flight Test
541,Roselle,Besant,rbesantf0@shareasale.com,genderfluid,2023-07-25,Tamil,Apache,Hitotsubashi University,Crisis Management
542,Heriberto,Mayfield,hmayfieldf1@webmd.com,male,2023-06-28,Romanian,Guatemalan,Universidad Señor de Sipán,Dairy
544,Maxim,Caldicot,mcaldicotf3@youtu.be,male,2023-06-18,Amharic,Alaskan Athabascan,Pan African Christian University College,WLST
545,Mallory,Clucas,mclucasf4@dyndns.org,male,2023-06-22,Macedonian,Creek,St. Petersburg State Chemical Pharmaceutical Academy,Gynecology
546,Christoffer,Maclean,cmacleanf5@canalblog.com,male,2023-07-31,Hebrew,Native Hawaiian,Saitama Medical School,SSIS
547,Cary,Burnitt,cburnittf6@multiply.com,genderfluid,2023-07-26,Kyrgyz,Uruguayan,MidAmerican Bible College,DSDM
549,Tracey,Dupoy,tdupoyf8@netvibes.com,female,2023-05-01,Guarani,Seminole,Pontifcia Università Urbaniana,Substance Use Disorders
550,Andreana,Galbreath,agalbreathf9@cpanel.net,genderfluid,2023-03-14,Dutch,Crow,Ecole des Hautes Etudes en Gestion Informatique et Communication,DFD
551,Gaynor,Arnaut,garnautfa@deliciousdays.com,female,2023-06-29,Chinese,Ute,Universiti Malaysia Sarawak,SRDS
552,Francklin,Skelly,fskellyfb@nba.com,male,2023-03-23,Icelandic,Native Hawaiian,Meijo University,Songwriting
553,Helenka,Gyer,hgyerfc@google.co.jp,female,2023-06-02,Irish Gaelic,Vietnamese,Golestan University of Medical Sciences,Packaging
554,Bridie,Tailour,btailourfd@seesaa.net,female,2023-02-02,Spanish,Paiute,University of Oklahoma,TSP
555,Sheeree,Martschke,smartschkefe@answers.com,female,2023-08-27,Maltese,Uruguayan,Adamson University,RTP
556,Janeczka,Lennon,jlennonff@plala.or.jp,female,2023-09-19,New Zealand Sign Language,Alaska Native,American Indian College,McKesson PACS
558,Augusto,Widdowes,awiddowesfh@netscape.com,male,2023-02-01,Bulgarian,Peruvian,University of Bacau,Prototype.js
559,Jasen,Spours,jspoursfi@icq.com,male,2023-04-23,Estonian,Creek,University College of the Fraser Valley,Telephone Skills
560,Asia,Billes,abillesfj@imdb.com,female,2023-07-18,Hungarian,Fijian,Universität Hannover,Ethnography
561,Delila,Golling,dgollingfk@edublogs.org,female,2023-09-28,Lao,Pakistani,Chunchon National University of Education,Citrix XenApp
562,Towney,Wiltshear,twiltshearfl@msn.com,male,2023-05-26,Kashmiri,Cuban,TarguMures University of Theatre,BC/DR
565,Jenelle,Cazalet,jcazaletfo@google.es,female,2023-03-09,Latvian,Chinese,Heilongjiang Commercial University,LyX
567,Zuzana,Poytheras,zpoytherasfq@pagesperso-orange.fr,female,2023-05-24,Latvian,Hmong,Australian Lutheran College,FEM analysis
568,Diarmid,Luetchford,dluetchfordfr@studiopress.com,male,2023-09-18,Finnish,Yuman,Galway Mayo Institute of Technology,GSI
571,Dewitt,Abdon,dabdonfu@usa.gov,male,2023-06-11,Nepali,South American,Ufa State Institute of Arts,Umbraco
573,Gene,Fairlaw,gfairlawfw@google.co.uk,male,2023-03-27,Somali,Mexican,Universidad Andina Nestor Caceares Velasquez,IICRC Certifications
574,Fergus,Vauls,fvaulsfx@shareasale.com,male,2023-10-01,Afrikaans,Cree,Université Omar Bongo,Slide Preparation
575,Sophie,Denisyev,sdenisyevfy@wikipedia.org,genderfluid,2023-06-27,Tamil,Lumbee,University of the Pacific,HDL Designer
576,Shoshana,Bartod,sbartodfz@craigslist.org,female,2023-07-20,Kyrgyz,Japanese,Royal College of Physicians of Ireland,PMM
577,Terrel,Finch,tfinchg0@chicagotribune.com,male,2023-08-23,Dzongkha,Paraguayan,Bunka Women's University,Technical Writing
578,Sorcha,Malyon,smalyong1@japanpost.jp,female,2023-06-09,Maltese,Mexican,George Mason University,Operational Risk Management
579,Reed,Klausen,rklauseng2@themeforest.net,male,2023-04-27,Korean,Potawatomi,Universidad Fray Luca Paccioli,PnL Management
582,Nicolle,Tulloch,ntullochg5@homestead.com,female,2023-10-03,Swati,Yakama,Beder University,z/OS
583,Renie,Schimann,rschimanng6@angelfire.com,female,2023-09-28,Quechua,Yaqui,Tabriz University of Medical Sciences,ISO/TS 16949
584,Ozzie,Dilliston,odillistong7@4shared.com,male,2023-03-16,Haitian Creole,Chamorro,Institute of Teachers Education Ipoh,GWT
586,Daveen,Hanson,dhansong9@census.gov,female,2023-04-28,Swahili,Puerto Rican,San Francisco Art Institute,VHDL
587,Tito,Peterken,tpeterkenga@arstechnica.com,male,2023-09-28,Chinese,Guatemalan,Kwara State University ,OTL
588,Denney,Farney,dfarneygb@webnode.com,male,2023-05-04,Montenegrin,Indonesian,Vinayaka Mission's Research FoundationDeemed University,OHSAS 18001
589,Kirk,Parkman,kparkmangc@virginia.edu,male,2023-04-13,Persian,Alaskan Athabascan,Kitakyushu University,BMC Remedy AR System
593,Arlin,Frissell,afrissellgg@wikipedia.org,male,2023-03-23,Kashmiri,Peruvian,Medical University of Sofia,HCS
594,Bendite,Cicchillo,bcicchillogh@patch.com,female,2023-01-03,Georgian,Ottawa,James Madison University,HttpUnit
595,Doug,Pilbury,dpilburygi@jigsy.com,male,2023-01-13,Greek,Indonesian,State University of New York Maritime College,Workers Compensation
596,Rebbecca,Lehr,rlehrgj@fema.gov,female,2023-03-26,Kyrgyz,Micronesian,Technische Universität Darmstadt,Strategic Communications
597,Shae,Beverstock,sbeverstockgk@moonfruit.com,male,2023-07-25,Icelandic,Houma,Universidad Católica Tecnológica del Cibao,dsPIC
599,Noah,Dalgarnocht,ndalgarnochtgm@toplist.cz,male,2023-05-10,Nepali,Yaqui,Fachhochschule Heilbronn Hochschule für Technik und Wirtschaft,Biomedical Engineering
600,Coraline,Uglow,cuglowgn@indiatimes.com,female,2023-02-26,Portuguese,Micronesian,Fine Arts Academy Jan Matejko in Cracow,GPS
602,Lavinie,Ince,lincegp@eventbrite.com,female,2023-05-14,Bulgarian,Chilean,Université Jean Moulin ,RRP
604,Kaycee,Rikkard,krikkardgr@1688.com,female,2023-04-09,Malagasy,Aleut,Standford Online University,Digital Strategy
605,Roldan,Vallantine,rvallantinegs@joomla.org,male,2023-04-25,Dhivehi,Asian,New Jersey Institute of Technology,MLB
606,Aggy,De courcey,adecourceygt@admin.ch,female,2023-06-13,Tswana,Melanesian,Huaihua Medical College,OHSAS 18001
608,Devi,Castleman,dcastlemangv@google.ca,female,2023-09-22,French,Tlingit-Haida,Medical University Pleven,Reverse Logistics
609,Valeria,Coulthard,vcoulthardgw@wix.com,agender,2023-07-07,Belarusian,Central American,University of Alanta,DBMS
611,Marlena,Wickerson,mwickersongy@cbc.ca,female,2023-08-26,Hiri Motu,Pima,Tajik National University,Start-up Ventures
612,Viki,Tybalt,vtybaltgz@stumbleupon.com,female,2023-05-19,Bulgarian,Paiute,University of Advancing Technology ,Hospitality Industry
613,Waite,Moody,wmoodyh0@google.nl,male,2023-09-09,Estonian,Osage,University of Tennessee  Memphis,Overcome Objections
614,Sheri,Quogan,squoganh1@techcrunch.com,female,2023-06-19,Swati,Micronesian,Limestone College,Vocals
616,Seth,Bruno,sbrunoh3@adobe.com,male,2023-01-21,Irish Gaelic,Bangladeshi,Arab Academy for Banking and Financial Sciences,Osteoporosis
617,Damiano,Tattershall,dtattershallh4@github.io,male,2023-03-22,French,Pakistani,University of Applied Sciences,MTOs
618,Zonnya,Bowstead,zbowsteadh5@barnesandnoble.com,female,2023-04-28,Japanese,Pima,Budapest University of Economic Sciences and Public Administration,Wills
619,Conny,Byrcher,cbyrcherh6@abc.net.au,male,2023-02-15,Amharic,Asian,Kazak National Technical University,Interviewing Skills
622,Katine,Langcastle,klangcastleh9@ovh.net,female,2023-06-22,Dzongkha,Bangladeshi,Mount Meru University,XMetal
623,Jeffie,Dowty,jdowtyha@over-blog.com,male,2023-01-19,Latvian,Yakama,Harvard University,Legal Writing
624,Alphonse,Monday,amondayhb@slideshare.net,male,2023-07-02,Zulu,Ute,Les Roches Gruyère University of Applied Sciences,FBT
625,Lishe,Mcdonagh,lmcdonaghhc@godaddy.com,female,2023-05-27,Amharic,Ecuadorian,University of Toledo,PMA
626,Philis,Schmidt,pschmidthd@google.ru,polygender,2023-07-27,Marathi,Choctaw,King Abdullah University of Science and Technology ,OAM
627,Eba,Betterton,ebettertonhe@cbc.ca,female,2023-04-25,German,Tlingit-Haida,University of Lower Silesia of the Association for the Advancement of Education in Wroclaw.,Gypsum
629,Cherin,Brookson,cbrooksonhg@google.com.br,female,2023-07-30,Norwegian,Paraguayan,Sabzevar Teacher Training University,HR Transformation
631,Hernando,Leverett,hleveretthi@tiny.cc,male,2023-09-08,Chinese,Chickasaw,Northern Illinois University,Underscore.js
632,Jeffy,Corneil,jcorneilhj@unesco.org,male,2023-03-18,Tamil,Mexican,Shendi University,LGD
634,Sibylle,Thomtson,sthomtsonhl@meetup.com,female,2023-01-22,Swahili,Lumbee,Eurasian Institute of market,Errors amp Omissions
635,Shayna,Abreheart,sabrehearthm@sakura.ne.jp,female,2023-04-17,Spanish,Venezuelan,Pontifícia Universidade Católica de São Paulo,Blender
636,Friedrick,Basden,fbasdenhn@drupal.org,male,2023-04-11,Icelandic,Yuman,Universidad de Cienfuegos,Non-fiction
637,Guillaume,Hamner,ghamnerho@hao123.com,male,2023-09-19,New Zealand Sign Language,Iroquois,Zimbabwe Open University,Oil on Canvas
639,Sean,Goley,sgoleyhq@gmpg.org,male,2023-03-16,Kannada,Tohono O'Odham,AlQuds Open University,Manufacturing
641,Loree,Chatres,lchatreshs@google.ca,female,2023-08-24,Tajik,Alaska Native,Chang Gung University,Real Estate License
642,Cece,Rozzier,crozzierht@free.fr,male,2023-02-06,Irish Gaelic,Crow,University of Alaska  Southeast,Quality System
643,Roseanne,Roos,rrooshu@163.com,female,2023-01-25,Bengali,Potawatomi,National University of Ireland Galway,KVM
644,Jeramey,Sidle,jsidlehv@mysql.com,male,2023-03-09,Malay,Samoan,Academy of Economics in Poznan,PgSQL
645,Kathie,Fenck,kfenckhw@netlog.com,genderfluid,2023-05-24,Korean,Laotian,Shandong Normal University,IT Transformation
646,Quill,Ellicombe,qellicombehx@va.gov,male,2023-03-31,Korean,Bolivian,American InterContinental University  London,Quantitative Finance
647,Quintin,Scotting,qscottinghy@auda.org.au,male,2023-03-03,Maori,Bangladeshi,Golestan University of Medical Sciences,Routing
648,Danna,Beamson,dbeamsonhz@oakley.com,female,2023-02-04,Nepali,Ottawa,University of Western Australia,CBI
651,Windham,Blanchflower,wblanchfloweri2@flickr.com,male,2023-03-11,Macedonian,Japanese,Cologne Business School,Vessel Operations
652,Marjie,Assur,massuri3@bluehost.com,female,2023-08-21,Dari,American Indian,Shanghai Jiaotong University,Short Stories
654,Rebecka,Hrycek,rhryceki5@privacy.gov.au,female,2023-03-19,Punjabi,White,Universidad del Valle de Guatemala,TDMA
655,Rheba,Gameson,rgamesoni6@walmart.com,female,2023-08-02,Persian,Panamanian,Hastings College,Yellow Pages
656,Consuelo,Judgkins,cjudgkinsi7@booking.com,female,2023-09-21,Aymara,Chickasaw,Meiji College of Pharmacy,ODS
657,Raquela,Avo,ravoi8@eventbrite.com,female,2023-07-24,Amharic,Tohono O'Odham,Knox College,VLC
658,Nelson,Dowgill,ndowgilli9@hibu.com,male,2023-05-14,Polish,Paraguayan,Universidad de Puerto Rico Ponce,ICU
659,Donelle,Lawlee,dlawleeia@ftc.gov,female,2023-05-11,Swahili,Costa Rican,Kemerovo State University,MVC Architecture
660,Roz,Mundford,rmundfordib@desdev.cn,female,2023-02-25,Catalan,Japanese,Bamiyan University,Test Equipment
661,Damiano,Hudless,dhudlessic@parallels.com,male,2023-05-25,Malagasy,Menominee,Fairleigh Dickinson University TeaneckHackensack Campus,DVPampR
662,Ortensia,Heifer,oheiferid@live.com,female,2023-01-01,Assamese,Kiowa,Postgraduate lnstitute of Medical Education and Research,DGGE
663,Saundra,Bravey,sbraveyie@phpbb.com,male,2023-05-02,Maori,Guamanian,Corporación Universitaria de Ibagué ,ISO 22000
664,Heall,Thominga,hthomingaif@nbcnews.com,male,2023-03-15,Papiamento,Apache,Merrimack College,Data Structures
665,Gibb,Dovidaitis,gdovidaitisig@usnews.com,male,2023-09-03,Montenegrin,Chippewa,Hainan University,OEE
666,Cecily,Schmidt,cschmidtih@timesonline.co.uk,female,2023-02-19,Azeri,Yaqui,Dalhousie University,TPC
669,Talbot,Spong,tspongik@t.co,male,2023-08-25,Georgian,Peruvian,Ecole Superieur d'Ingenieurs Leonard de Vinci,BTLS
670,Reine,Marquess,rmarquessil@4shared.com,female,2023-03-13,Danish,Ecuadorian,Islamic Azad University Quchan,HBDI
671,Vivianne,Snary,vsnaryim@squidoo.com,female,2023-02-04,Oriya,Osage,Universidad Tecnológica Oteima,Corporate Law
673,Wilma,Macallister,wmacallisterio@networkadvertising.org,female,2023-06-13,Guarani,Lumbee,Nagano University,Gifted Education
674,Saunders,De cleyne,sdecleyneip@privacy.gov.au,male,2023-06-01,Hindi,Paraguayan,Gifu University,MBCS
675,Marjory,Farmiloe,mfarmiloeiq@zdnet.com,female,2023-05-01,Yiddish,Fijian,Millsaps College,LPT
676,Ashla,Ditch,aditchir@whitehouse.gov,female,2023-09-27,Estonian,Guamanian,California School of Professional Psychology  San Diego,IGMP
677,Belle,Rault,braultis@mediafire.com,female,2023-01-25,Sotho,Nicaraguan,University of Tampa,NWDI
678,Henrietta,Courage,hcourageit@icq.com,female,2023-02-03,Lao,Guatemalan,Carl von Ossietzky Universität Oldenburg,Online Travel
679,Kliment,Rhelton,krheltoniu@freewebs.com,male,2023-02-18,Norwegian,American Indian,SherEKashmir University of Agricultural Sciences and Technology,iPhone
680,Liva,Farlowe,lfarloweiv@1und1.de,female,2023-07-20,Fijian,Mexican,Universidad Latinoamericana de Ciencia y Tecnologia Panamá,Kayak
681,Irvine,Poyntz,ipoyntziw@facebook.com,male,2023-05-22,Yiddish,Chinese,Humboldt Universität Berlin,DHTML
683,Filmer,Wannes,fwannesiy@addtoany.com,male,2023-04-06,Lao,Sri Lankan,St. Petersburg State Academy for Engineering Economics ,E-Learning
685,Anica,Rowan,arowanj0@booking.com,female,2023-04-10,Catalan,Chippewa,Bahcesehir University,UE
686,Hashim,Lahy,hlahyj1@ask.com,male,2023-09-13,Czech,Paraguayan,Sindh Agricultural University,EEO Compliance
687,Jereme,Swatradge,jswatradgej2@businesswire.com,male,2023-02-22,Tamil,Bangladeshi,Agricultural University of Lublin,MPower
688,Granville,Mariet,gmarietj3@ustream.tv,male,2023-07-09,Swahili,Paraguayan,Rosemont College,Online Help
690,Franciskus,Petz,fpetzj5@washingtonpost.com,male,2023-06-16,Telugu,Pueblo,University of Nebraska  Lincoln,PostgreSQL
692,Benito,Omand,bomandj7@angelfire.com,male,2023-05-07,Armenian,Chamorro,Toyo Eiwa Women's University,Ethical Hacking
693,Berti,Danigel,bdanigelj8@jugem.jp,male,2023-06-28,French,Choctaw,Tomsk State University,People-oriented
695,Shantee,Henmarsh,shenmarshja@friendfeed.com,female,2023-08-02,Somali,Panamanian,Universidad Nacional de Tumbes,Snowboarding
696,Dela,Fawson,dfawsonjb@hubpages.com,female,2023-04-09,Croatian,Shoshone,Technological University of the Philippines,Contact Centers
698,Leda,Hills,lhillsjd@sfgate.com,female,2023-03-27,Khmer,Filipino,Adigrat University,ISO
700,Lilas,Maccombe,lmaccombejf@plala.or.jp,female,2023-08-09,Malagasy,Guatemalan,Hubert Kairuki Memorial University,Value Engineering
701,Reiko,Geary,rgearyjg@admin.ch,female,2023-04-12,Telugu,Cambodian,Shikoku Christian College,Kubuntu
702,Dennis,Pullar,dpullarjh@mail.ru,male,2023-10-01,Danish,Tlingit-Haida,Lamar University  Port Arthur,Circuit Design
703,Chet,Newey,cneweyji@go.com,male,2023-07-10,Tok Pisin,Comanche,Harare Institute of Technology,Eclipse RCP
704,Hew,Christer,hchristerjj@sina.com.cn,male,2023-02-28,Burmese,Bangladeshi,Perm State University,BFSI
705,Jami,Giacomi,jgiacomijk@odnoklassniki.ru,female,2023-07-09,Bulgarian,Costa Rican,Université Shalom de Bunia,VDA
707,Tarah,Cornuau,tcornuaujm@elegantthemes.com,female,2023-09-17,Nepali,Pueblo,Emmaus Bible College,FCL
708,Knox,Butterfint,kbutterfintjn@sogou.com,male,2023-01-27,Estonian,Seminole,Institut Catholique de Toulouse,TCD
709,Adler,Sang,asangjo@theatlantic.com,male,2023-03-10,Tamil,Cuban,Northern Arizona University,Publishing
710,Albrecht,Munt,amuntjp@yellowpages.com,polygender,2023-06-02,Burmese,Cheyenne,Universitas Tarumanagara,HTRI Software
711,Robinia,Hrus,rhrusjq@youtu.be,female,2023-05-17,Bislama,Chippewa,Middlebury College,Microsoft Certified Professional
712,Shaylynn,Ickovits,sickovitsjr@icq.com,bigender,2023-09-22,Marathi,Crow,Concordia College Moorhead,OData
713,Lemmy,Puttick,lputtickjs@networkadvertising.org,male,2023-03-20,Bulgarian,Colville,City University of New York New York City Technical College,CTD
715,Gui,Beedell,gbeedellju@amazon.co.uk,female,2023-03-01,Sotho,Paraguayan,Hamilton College,MRV
716,Wash,Spreckley,wspreckleyjv@tinypic.com,agender,2023-01-07,New Zealand Sign Language,Asian Indian,University of Kentucky,IVIG
717,Bertie,Possell,bposselljw@salon.com,female,2023-04-18,Dzongkha,Yuman,Universidade de Aveiro,Medical Terminology
718,Karrie,Mchardy,kmchardyjx@boston.com,female,2023-06-16,Telugu,Creek,Shanghai Jiaotong University,Web Services
720,Kandace,Mocker,kmockerjz@sourceforge.net,female,2023-03-23,Hebrew,Delaware,California State University Stanislaus,RHCE
722,Henderson,Childs,hchildsk1@unicef.org,male,2023-01-04,Montenegrin,Yaqui,Pokhara University,Whole Life
723,Svend,Hedditeh,shedditehk2@mlb.com,agender,2023-05-24,Bengali,South American,Arkansas State University Mountain Home,Eyeliner
724,Ursala,Obeney,uobeneyk3@constantcontact.com,female,2023-08-02,Indonesian,Comanche,University of Wisconsin  La Crosse,SIP
725,Valina,Biddles,vbiddlesk4@jimdo.com,female,2023-08-16,Bosnian,Vietnamese,Pittsburg State University,Lesson Planning
726,Anstice,Eastbrook,aeastbrookk5@pagesperso-orange.fr,female,2023-01-16,Irish Gaelic,Bolivian,Air Force Institute of Technology,Sun Certified Java Programmer
728,Honoria,Witz,hwitzk7@liveinternet.ru,female,2023-05-26,Chinese,Chickasaw,Yasuj University of Medical Sciences,wxWidgets
729,Gina,Merigeau,gmerigeauk8@yahoo.com,female,2023-06-30,Ndebele,Yuman,Adekunle Ajasin University,Aesthetics
730,Gerti,Langley,glangleyk9@army.mil,female,2023-06-07,Estonian,Japanese,Université Jean Moulin ,Cinematography
731,Quintin,Potteril,qpotterilka@goodreads.com,male,2023-09-20,Kyrgyz,Asian Indian,Tokyo Women's Medial College,GPU
732,Mathe,Cowthart,mcowthartkb@netvibes.com,male,2023-05-06,Guarani,Alaska Native,Universitas Bhayangkara Jakarta Raya,OAB
733,Jaye,Colbert,jcolbertkc@mozilla.com,male,2023-06-15,Lithuanian,Paraguayan,Universidad Autónoma de la Laguna,Policy
734,Gan,Wadlow,gwadlowkd@state.gov,bigender,2023-09-28,Montenegrin,Puget Sound Salish,University of Kerala,SAP XI
735,Dewain,Petkov,dpetkovke@theguardian.com,male,2023-09-27,Tamil,Filipino,Universidad Internacional SEK Quito,LabWindows/CVI
736,Florella,Agdahl,fagdahlkf@gravatar.com,female,2023-09-28,Quechua,Dominican ,University of North Carolina at Greensboro,EOR
737,Aurilia,Walrond,awalrondkg@hostgator.com,female,2023-06-23,Tsonga,Yaqui,Rochester Institute of Technology,UCaaS
738,Lynsey,Swiggs,lswiggskh@yahoo.com,genderqueer,2023-01-27,Kashmiri,Melanesian,Moscow State University of Economics Statistics and Informatics,Consumer Behaviour
739,Richart,Pepall,rpepallki@google.ca,polygender,2023-01-21,Japanese,Panamanian,Université de la Reunion,Doors
741,Abigail,Maryott,amaryottkk@irs.gov,female,2023-03-25,Armenian,Costa Rican,Universidade Castelo Branco,Perl
742,Thebault,Piotrowski,tpiotrowskikl@wordpress.org,male,2023-02-22,Tajik,Samoan,Central Bible College,ICDL
743,Skell,Krojn,skrojnkm@npr.org,male,2023-01-08,Portuguese,Iroquois,California School of Professional Psychology  Los Angels,DDS
744,Perry,Macauley,pmacauleykn@nyu.edu,female,2023-07-22,Zulu,Guatemalan,Kaunas University of Technology,Logic Pro
745,Hugibert,Ordemann,hordemannko@utexas.edu,male,2023-05-28,Gagauz,Mexican,Capitol College,SAP SRM
746,Lionel,Wasbrough,lwasbroughkp@ezinearticles.com,male,2023-09-26,Danish,Native Hawaiian,Furman University,Construction Loans
747,Chevy,Jonsson,cjonssonkq@sphinn.com,agender,2023-07-17,Malagasy,Laotian,Universidad Iberoamericana de Ciencias y Tecnologia,QROPS
748,Larisa,Heustace,lheustacekr@sitemeter.com,female,2023-01-06,Arabic,Colombian,Universidad Nacional Agraria de la Selva,MX960
749,Taddeusz,Cappleman,tcapplemanks@alexa.com,male,2023-07-24,Portuguese,Honduran,Singapore Management University,Events Coordination
750,Randell,Romme,rrommekt@amazon.co.uk,male,2023-04-15,Icelandic,Paraguayan,SASTRA Deemed University,Tactics
751,Angeline,Walbrook,awalbrookku@addthis.com,female,2023-01-14,Greek,Chinese,University of Art and Design Helsinki,Jin Shin Jyutsu
752,Jethro,Petrashov,jpetrashovkv@loc.gov,male,2023-03-02,Zulu,Eskimo,Modern Institute of Managament,IABP
754,Ive,Sey,iseykx@issuu.com,male,2023-05-19,Sotho,Potawatomi,Vologda State Pedagogical University,Creative Writing
755,Baudoin,Sherborn,bsherbornky@ucoz.com,male,2023-08-11,Catalan,South American,People's University of Bangladesh,TDMoIP
756,Vivyanne,Tilliard,vtilliardkz@samsung.com,female,2023-06-23,Khmer,Creek,Fukuoka University of Education,Adobe Creative Suite
757,Raf,Macalpin,rmacalpinl0@ox.ac.uk,genderqueer,2023-09-12,Kyrgyz,South American,Douglas College,SolidWorks
758,Brina,Mattson,bmattsonl1@princeton.edu,genderqueer,2023-06-25,Kyrgyz,Bangladeshi,University of Tennessee Space Institute,IED
759,Adel,Fogg,afoggl2@theatlantic.com,female,2023-09-12,Italian,Panamanian,Vitebsk State Technological University,Numerical Ability
760,Tobi,Mattiessen,tmattiessenl3@yellowpages.com,female,2023-02-11,Swati,Mexican,Utah Valley State College,NHL
761,Hoyt,Keough,hkeoughl4@behance.net,male,2023-02-18,Luxembourgish,Sri Lankan,University College of SaintBoniface,Zuken
763,Lauritz,Upfold,lupfoldl6@disqus.com,male,2023-05-12,Nepali,Colombian,Polytechnic University Westchester Graduate Center,TL9000
764,Riobard,Girardeau,rgirardeaul7@mozilla.org,male,2023-02-12,Aymara,Colombian,European Business School,Air Conditioning
765,Audi,Badrick,abadrickl8@yahoo.co.jp,female,2023-07-24,Kashmiri,Vietnamese,University Medical School of Debrecen,APO SNP
766,Izak,Ashfold,iashfoldl9@domainmarket.com,male,2023-07-21,Armenian,Pueblo,University of Alaska  Fairbanks,PDS
767,Lambert,Donke,ldonkela@reverbnation.com,agender,2023-07-12,Danish,Puget Sound Salish,Silesian Technical University of Gliwice,JRuby
768,Chevy,Sandison,csandisonlb@ebay.com,male,2023-09-03,Kazakh,Laotian,Pennsylvania State University  BerksLehigh Valley College,Equity Trading
769,Omero,Flewin,oflewinlc@amazon.co.uk,male,2023-08-20,Oriya,Shoshone,Long Island University C.W. Post Campus,Film Festivals
770,Zuzana,Paszak,zpaszakld@histats.com,female,2023-01-30,Haitian Creole,Bangladeshi,Akita University,Kosher
771,Robinet,Osbaldeston,rosbaldestonle@yandex.ru,male,2023-05-08,Finnish,Native Hawaiian,Bennington College,DSDM
772,Shanta,Hambrook,shambrooklf@harvard.edu,agender,2023-09-11,Finnish,Dominican ,Tennessee Technological University,DCP
773,Clarinda,Laws,clawslg@answers.com,bigender,2023-02-28,Assamese,Dominican ,Institut Teknologi Adhi Tama Surabaya,People-oriented
774,Joey,Trood,jtroodlh@home.pl,male,2023-04-10,Dutch,Alaskan Athabascan,University of Catania,Customer Follow-up
775,Christophe,Udell,cudellli@gizmodo.com,male,2023-01-05,Persian,Indonesian,Shenyang Polytechnic University,MDaemon
776,Tabina,Brumwell,tbrumwelllj@sohu.com,female,2023-07-22,Telugu,Ecuadorian,Kosin University,SDTM
777,Mattie,Monkeman,mmonkemanlk@house.gov,male,2023-02-03,Amharic,Puerto Rican,Gotland University College,HCS12
778,Analise,Shorie,ashoriell@moonfruit.com,female,2023-02-03,Malayalam,Sioux,College for Creative Studies,BMC Remedy AR System
779,Lola,Budding,lbuddinglm@moonfruit.com,agender,2023-09-14,French,Melanesian,University of Medicine and Pharmacology of Oradea,TTS
780,Dari,Turbill,dturbillln@last.fm,female,2023-09-26,Latvian,Cambodian,Instituto Superior de Transportes e Comunicações,PeopleSoft
782,Konstantin,Arnowicz,karnowiczlp@usnews.com,male,2023-05-20,Arabic,Japanese,Newman University,Cisco Technologies
783,Hakeem,Ronaldson,hronaldsonlq@uiuc.edu,male,2023-09-27,Indonesian,Tongan,Universiti Malaysia Terengganu,global HCM
784,Claudio,Balmforth,cbalmforthlr@exblog.jp,male,2023-07-28,Assamese,Tongan,Greenwich University,IEC 62304
785,Hunter,Perri,hperrils@joomla.org,male,2023-03-24,Marathi,Yaqui,Universidad Americana,Volunteer Recruiting
787,Vincents,Mcnern,vmcnernlu@vistaprint.com,male,2023-03-22,Estonian,Native Hawaiian,Ho Polytechnic ,Epic Systems
788,Dotty,Porkiss,dporkisslv@edublogs.org,female,2023-01-12,Papiamento,Lumbee,National Hispanic University,LTD
789,Chrissy,Milsted,cmilstedlw@nhs.uk,female,2023-08-02,Quechua,Delaware,Universität Potsdam,Occupational Rehabilitation
792,Sheri,Furmenger,sfurmengerlz@free.fr,female,2023-02-18,Azeri,Yuman,Minia University,SFI
793,Annecorinne,Bootman,abootmanm0@shareasale.com,female,2023-02-28,Swati,Ecuadorian,Dublin Institute for Advanced Studies,cPanel
794,Ettie,Flori,eflorim1@xinhuanet.com,female,2023-06-21,Norwegian,Sioux,Western Oregon University,Financial Reporting
795,Maison,Norree,mnorreem2@php.net,male,2023-05-12,Sotho,Black,Centro Universitário de Araraquara,Avaya IP Telephony
796,George,Musgrove,gmusgrovem3@tiny.cc,male,2023-03-31,Afrikaans,Paraguayan,Yaroslavl State University,Customer Follow-up
797,Rowney,Dorow,rdorowm4@pinterest.com,male,2023-06-26,Spanish,Pima,University of St. Jerome's College,Quality by Design
798,Dehlia,Mcskeagan,dmcskeaganm5@psu.edu,female,2023-04-23,Assamese,Creek,Dogus University,vBulletin
799,Alley,Siggin,asigginm6@4shared.com,male,2023-02-17,Zulu,Honduran,Universidad Juan Misael Saracho,Sustainable Agriculture
802,Elene,Dalgety,edalgetym9@4shared.com,female,2023-09-17,Pashto,Dominican ,Fachhochschule für Bank und Finanzwirtschaft,Start-up Ventures
803,Gayla,Bernardoni,gbernardonima@berkeley.edu,bigender,2023-04-29,Thai,Asian Indian,University of AlQadisiyah,D3.js
804,Hernando,Evett,hevettmb@ustream.tv,male,2023-07-10,Azeri,Salvadoran,Molde University College,Pipelines
806,Shanta,Dineen,sdineenmd@goodreads.com,female,2023-05-20,Lao,Ecuadorian,Tashkent Pharmaceutical Institute,SOA BPEL
807,Bethanne,Braycotton,bbraycottonme@hc360.com,female,2023-05-28,Catalan,Chinese,Universidad José Maria Vargas,Agility
809,Haslett,O'logan,hologanmg@sitemeter.com,non binary,2023-09-04,Hindi,Lumbee,Abubakar Tafawa Balewa University,RTK
810,Glenna,Shanley,gshanleymh@symantec.com,female,2023-07-20,Montenegrin,Central American,DeVry Institute of Technology Irving,MPLAB
811,Etti,Walpole,ewalpolemi@bandcamp.com,female,2023-02-19,Croatian,Menominee,Columbia College Hollywood,HR Management
812,Birk,Vaughten,bvaughtenmj@dedecms.com,male,2023-07-29,Norwegian,South American,University of Phoenix,Amadeus GDS
813,Nester,Venton,nventonmk@shareasale.com,male,2023-01-31,Montenegrin,Asian Indian,Universidad Tecnológica Metropolitana,JBoss Application Server
814,Marlo,Blinman,mblinmanml@fotki.com,male,2023-01-23,Maltese,American Indian,Guangzhou University,Vyatta
815,Tiffanie,Kenwin,tkenwinmm@drupal.org,female,2023-08-27,Georgian,Cambodian,SteinbeisHochschuleBerlin,Valuation
817,Lise,Postins,lpostinsmo@buzzfeed.com,female,2023-04-21,Lithuanian,Fijian,Université Pierre MendesFrance ,Analytical Ultracentrifugation
818,Lucky,Castelow,lcastelowmp@nba.com,female,2023-07-29,Moldovan,Eskimo,Bennington College,Storytelling
819,Eloisa,Tomaszkiewicz,etomaszkiewiczmq@cdbaby.com,female,2023-04-06,Pashto,Yaqui,Academy of the Ministry of Internal Affairs of the Republic of Belarus,Custom CMS Development
820,Frank,Braferton,fbrafertonmr@statcounter.com,male,2023-08-16,Albanian,Latin American Indian,FAE Business School  Faculdade de Administração e Economia,Hospitality Management
822,Karl,Adnett,kadnettmt@wikipedia.org,male,2023-07-13,Tetum,Yakama,Universidad Justo Sierra,HTML Scripting
824,Giovanni,Mibourne,gmibournemv@deviantart.com,bigender,2023-01-10,Polish,Delaware,Ecole Française de Papeterie et des Industries Graphiques,IRB
826,Lydon,Francescuccio,lfrancescucciomx@imgur.com,male,2023-01-03,Dzongkha,Cambodian,Ecole Supérieure des Techniques Industrielles et des Textiles,Analytical Skills
827,Kellen,Curror,kcurrormy@addtoany.com,female,2023-08-01,Burmese,Paraguayan,Central South Forestry University,Small Business
828,Cazzie,Pidon,cpidonmz@123-reg.co.uk,male,2023-09-20,English,Chickasaw,Saigon University,Knowledge Sharing
829,Adlai,Batecok,abatecokn0@devhub.com,male,2023-04-24,Tamil,Native Hawaiian,Universitas Nusa Cendana,RTA
830,Em,Maris,emarisn1@mozilla.org,male,2023-08-31,Tamil,White,Hanshin University,JRockit
831,Charlie,Glavias,cglaviasn2@cdbaby.com,male,2023-04-01,Yiddish,Chamorro,Wiley College,Xcart
832,Matthieu,Oosthout de vree,moosthoutdevreen3@apache.org,male,2023-07-08,Icelandic,Filipino,Dublin Institute of Technology,Khalix
833,Broderic,Mcallen,bmcallenn4@bandcamp.com,male,2023-06-15,Irish Gaelic,Shoshone,Northeastern State University,German
835,Freeland,Lemerle,flemerlen6@pinterest.com,male,2023-04-04,Swedish,Guatemalan,Srinakharinwirot University,Sketching
836,Melvin,Evett,mevettn7@google.fr,male,2023-05-08,Croatian,American Indian,RMIT International University Vietnam,EHampS Compliance
837,Helaina,Dorning,hdorningn8@webmd.com,female,2023-05-10,Amharic,Cree,Dimocritus University of Thrace,10 Key
838,Norby,Olkowicz,nolkowiczn9@163.com,male,2023-02-17,Malay,Puerto Rican,Brexgata University Academy,Key Account Relationship Building
839,Shawna,Purbrick,spurbrickna@instagram.com,female,2023-05-14,German,Asian Indian,Shizuoka Sangyo University,Character Animation
840,Ephrem,Bake,ebakenb@feedburner.com,male,2023-02-26,Oriya,Alaska Native,University of Southern Europe ,Web Applications
841,Demetris,Wines,dwinesnc@prlog.org,male,2023-02-07,Croatian,Osage,Kerala Agricultural University,Lynx
842,Virginia,Langstone,vlangstonend@yandex.ru,female,2023-01-04,Norwegian,Costa Rican,Periyar University,Onshore
843,Zelig,Dunican,zdunicanne@etsy.com,male,2023-02-10,Greek,Lumbee,Yazd University,Umbilicals
844,Abagail,Longland,alonglandnf@soup.io,female,2023-08-28,Northern Sotho,American Indian,Dakota State University,Glazing
846,Jeffry,Lebbern,jlebbernnh@reference.com,male,2023-02-14,Malagasy,American Indian,Gotland University College,LLBLGen
847,Jacquenetta,Hing,jhingni@accuweather.com,female,2023-04-30,Montenegrin,Eskimo,Faculdade Integradas do Ceará,DDI Certified
848,Courtenay,Dibble,cdibblenj@msu.edu,non binary,2023-03-15,Japanese,Costa Rican,Zhetysu State University ,Kaseya
850,Vlad,Bristoe,vbristoenl@google.com.au,male,2023-07-01,Kashmiri,Hmong,East Stroudsburg State University,Omega
851,Baxie,Lammert,blammertnm@paginegialle.it,male,2023-08-01,Bislama,Native Hawaiian,Universidad Católica de Salta,Dunn amp Bradstreet
852,Tedie,Hosier,thosiernn@digg.com,male,2023-05-29,Maori,Dominican ,Rezekne Higher School,Eye Treatments
853,Mycah,Storrie,mstorrieno@nbcnews.com,male,2023-08-31,Montenegrin,Ecuadorian,Thammasat University,Mortgage Lending
854,Gayel,Mccathie,gmccathienp@sakura.ne.jp,female,2023-01-16,Kyrgyz,Taiwanese,Tokyo International University,ICH-GCP
857,Kristoffer,Dickins,kdickinsns@cbsnews.com,male,2023-07-18,Romanian,Salvadoran,Instituto Tecnológico de San Luis Potosí,Unreal Engine 3
859,Domini,Pennicard,dpennicardnu@nps.gov,female,2023-07-30,Indonesian,Yaqui,Universidad Católica de Manizales,Kinect
860,Mei,Aldwinckle,maldwincklenv@wikia.com,female,2023-03-17,Swahili,Iroquois,National Taiwan College of Arts,GSD
861,Cami,Moatt,cmoattnw@webs.com,female,2023-01-27,New Zealand Sign Language,Tlingit-Haida,China Medical University Shenyang,OLEDB
862,Pebrook,Brownsea,pbrownseanx@issuu.com,male,2023-03-11,Filipino,American Indian,Our Lady of the Lake University,Pharmaceutical Sales
863,Vonni,Philips,vphilipsny@csmonitor.com,female,2023-04-10,Lao,Tohono O'Odham,Lubbock Christian University,MPLAB
864,Kira,Flement,kflementnz@comcast.net,female,2023-07-22,Maltese,Yaqui,University of Jazeera,Trimble GPS
865,Vidovic,Wyllcocks,vwyllcockso0@businesswire.com,male,2023-08-05,Hiri Motu,American Indian,University of the District of Columbia,FI-AA
866,Tybalt,Hunnawill,thunnawillo1@amazon.com,polygender,2023-03-06,Gujarati,Polynesian,St. Mary's University,Automotive
867,Clem,Sowray,csowrayo2@jiathis.com,female,2023-09-02,Macedonian,Native Hawaiian,Foreign Trade University,QMF
870,Thomasina,Godard,tgodardo5@deliciousdays.com,female,2023-02-01,Kyrgyz,Cuban,Hamilton Technical College,Medical Devices
872,Clement,Corthes,ccortheso7@pcworld.com,male,2023-04-15,Hiri Motu,Micronesian,University of Western Ontario,Physicians
874,Donia,Kidby,dkidbyo9@newsvine.com,female,2023-06-16,Moldovan,Choctaw,Lithunian Academy of Music and Theatre,Customer Satisfaction
876,Adora,Avey,aaveyob@youku.com,female,2023-08-23,Arabic,Alaska Native,Ouachita Baptist University,HDLC
877,Aldo,Knutsen,aknutsenoc@deviantart.com,male,2023-03-04,Persian,Paiute,Rostov State Medical University,Rooms Division
878,Anjanette,Matashkin,amatashkinod@discovery.com,female,2023-01-22,Danish,Polynesian,Kaboora Institute of Higher Education,LCD Projectors
880,Torre,Lobell,tlobellof@google.de,male,2023-08-24,Tswana,Seminole,University of Goroka,Security Audits
881,Prissie,Nellies,pnelliesog@unblog.fr,female,2023-06-25,Tetum,Iroquois,University of Alabama  Huntsville,Whiplash
882,Bondy,Heinonen,bheinonenoh@cbsnews.com,male,2023-04-23,Dhivehi,Pima,Wilson College,Screening
885,Michaeline,O'grogane,mogroganeok@vkontakte.ru,female,2023-09-07,Hebrew,Kiowa,Wonkwang University,Java
886,Biron,Macneice,bmacneiceol@baidu.com,male,2023-05-24,Tajik,Yuman,Mongolian State University of Education,Breaking News
887,Lilas,Ondricek,londricekom@yale.edu,female,2023-05-26,New Zealand Sign Language,Black,Maharshi Dayanand Sarswati University Ajmer,LSS
889,Berny,Darcey,bdarceyoo@cisco.com,male,2023-09-30,Latvian,Osage,Kazakh British Technical University,Term Life Insurance
890,Claudia,Newport,cnewportop@t-online.de,female,2023-02-09,Icelandic,Guatemalan,China Medical University Shenyang,Human Capital Management
892,Nancey,Darling,ndarlingor@examiner.com,female,2023-07-04,Gagauz,American Indian,Coppin State College,Computer Network Operations
893,Wilhelmine,Laurenty,wlaurentyos@lulu.com,female,2023-06-24,Danish,Laotian,West Coast University ,FTP
894,Lauree,Lally,llallyot@economist.com,female,2023-07-20,Finnish,Native Hawaiian,Kamrah International Institute of Technology ,NVivo
895,Hedi,Ethridge,hethridgeou@wired.com,female,2023-04-27,Chinese,Pakistani,Fachhochschule Worms,XHTML
896,Aaren,Kirwin,akirwinov@tiny.cc,female,2023-01-14,Ndebele,Aleut,Chung Hua University,Information Architecture
897,Lanie,Fleeming,lfleemingow@census.gov,male,2023-01-28,Dari,Filipino,Louisiana State University and Agricultural and Mechanical College,RPR
898,Bondie,Shrimpton,bshrimptonox@histats.com,male,2023-09-30,Kashmiri,American Indian,University of Salford,Structural Dynamics
899,Rosetta,Pomfrett,rpomfrettoy@mapquest.com,female,2023-04-01,Swahili,Panamanian,Ivanovo State University,Labor Relations
901,Margret,St. quentin,mstquentinp0@yahoo.co.jp,non binary,2023-03-14,English,Chippewa,Ibaraki University,Kohana
903,Adriaens,Coneron,aconeronp2@vimeo.com,female,2023-03-16,French,Ute,Idaho State University,CentOS
904,Shannon,Mungane,smunganep3@zimbio.com,male,2023-09-13,Tok Pisin,Chippewa,Aquinas University,Ocean Transportation
906,Valdemar,Dobrowski,vdobrowskip5@mysql.com,male,2023-09-20,Norwegian,Korean,University of Helsinki,SBEM
907,Elianora,Pusey,epuseyp6@who.int,female,2023-05-09,Papiamento,Hmong,Islamic Azad University Shirvan,Piano Education
908,Marcel,Brandi,mbrandip7@umich.edu,male,2023-02-03,Romanian,Samoan,Otterbein College,7 QC Tools
909,Keane,Sheron,ksheronp8@washington.edu,male,2023-07-09,Yiddish,Guamanian,Adama Science and Technology University,Resume Writing
910,Janaye,Todor,jtodorp9@wp.com,genderfluid,2023-05-19,Portuguese,Menominee,Tokyo Medical and Dental University,Rx
912,Bartram,Leeves,bleevespb@hhs.gov,male,2023-01-13,Kazakh,Kiowa,Instituto Politécnico de Setúbal,HTRF
913,Shandie,Downing,sdowningpc@wikipedia.org,female,2023-08-27,Bislama,Tohono O'Odham,Universidade Candido Mendes,Residential Mortgages
914,Evy,Detloff,edetloffpd@sbwire.com,female,2023-08-10,West Frisian,Colville,Université des Antilles et de la Guyane,CFOs
915,Sile,Monteith,smonteithpe@ca.gov,female,2023-06-24,Italian,Crow,Central Institute of English and Foreign Languages,Yardi Voyager
916,Fanny,Witheridge,fwitheridgepf@github.com,female,2023-05-18,Malayalam,Seminole,Cubidor University Switzerland,Telephone Skills
917,Clyde,Bonsall,cbonsallpg@a8.net,male,2023-06-27,Croatian,Apache,Shahrekord University,HTFS
918,Hatti,Petzold,hpetzoldph@cloudflare.com,agender,2023-05-02,Luxembourgish,Guamanian,Shahrekord University,Oil Analysis
919,Alane,Fitzsymons,afitzsymonspi@unblog.fr,female,2023-06-07,Armenian,Malaysian,Rasmussen College North Dakota Campuses,Project Engineering
920,Maxwell,Tallowin,mtallowinpj@oakley.com,male,2023-07-30,Sotho,Bolivian,Guangdong Peizheng College ,Quantum GIS
922,Maxim,Epgrave,mepgravepl@fastcompany.com,male,2023-04-25,Bislama,Salvadoran,Amherst College,Military Justice
924,Lucas,Buddle,lbuddlepn@webnode.com,male,2023-01-20,Sotho,Asian,Edinboro University of Pennsylvania,uC/OS-II
925,Livy,Mawman,lmawmanpo@accuweather.com,female,2023-02-09,Tok Pisin,Alaskan Athabascan,Pacific Graduate School of Psychology,OAB
926,Silvanus,Broodes,sbroodespp@123-reg.co.uk,male,2023-05-23,Guarani,Iroquois,University of Sudbury,Hlookups
928,Shurwood,Scawn,sscawnpr@blogger.com,male,2023-09-26,Italian,Cambodian,Shanghai Second Medical University,Wireframes
929,Augie,Wealthall,awealthallps@list-manage.com,male,2023-03-24,Luxembourgish,Paiute,Shanghai Ouhua Vocational Technical College,IT Service Delivery
930,Nicky,Hutcheon,nhutcheonpt@sciencedirect.com,female,2023-07-06,Arabic,Central American,Universitas Kristen Duta Wacana,HRIS Database Management
931,Henrie,Sherr,hsherrpu@time.com,female,2023-02-04,Malagasy,Chickasaw,Missouri Western State College,MDS
933,Cull,Calrow,ccalrowpw@smh.com.au,male,2023-01-27,Irish Gaelic,Laotian,University of British Columbia,Quantum GIS
934,Lorianne,Foucard,lfoucardpx@a8.net,female,2023-02-18,Tajik,Bolivian,University of New South Wales,Environmental Management Systems
935,Blisse,Sharville,bsharvillepy@diigo.com,female,2023-01-17,Dari,Black,Tezukayama University,Whiplash
936,Norah,Bourne,nbournepz@archive.org,female,2023-08-08,Tsonga,Latin American Indian,University of Agriculture and Veterinary Medicine Iasi,TFSA
938,Faunie,Drees,fdreesq1@plala.or.jp,non binary,2023-05-30,Hebrew,Colville,BlessingRieman College of Nursing,HP XP
939,Mikaela,Manneville,mmannevilleq2@angelfire.com,female,2023-07-01,Telugu,Alaska Native,Southern Oregon University,Employee Management
942,Christiane,Quantick,cquantickq5@feedburner.com,female,2023-03-07,Indonesian,Seminole,Preston Institute of Management Sciences and Technology ,Equity Valuation
943,Birch,Lawman,blawmanq6@opensource.org,male,2023-03-04,Japanese,Uruguayan,Sampurnanand Sanskrit University,Supervisory Skills
944,Gerty,Pomfret,gpomfretq7@eventbrite.com,female,2023-07-23,Filipino,Honduran,Nihon Fukushi University,VoIP
945,Wolfy,Pinyon,wpinyonq8@webeden.co.uk,male,2023-09-20,Arabic,Black,West Coast University,GHP
946,Evered,Brookesbie,ebrookesbieq9@accuweather.com,male,2023-08-01,Latvian,Black,Universidade de Coimbra,PCIe
947,Harriott,Symones,hsymonesqa@canalblog.com,female,2023-04-26,Tetum,Kiowa,University of Sadat City,Medical Terminology
949,Junia,Haxley,jhaxleyqc@dmoz.org,agender,2023-03-13,Swahili,Chinese,Newports Institute of Communication & Economics,Cell
950,Torry,Joppich,tjoppichqd@so-net.ne.jp,male,2023-04-13,Irish Gaelic,Houma,Danish University of Education,XSL-FO
953,Thekla,Endicott,tendicottqg@tinyurl.com,female,2023-09-27,Bulgarian,Peruvian,Celal Bayar University,Aquatic Toxicology
955,Lindsay,Fiddyment,lfiddymentqi@engadget.com,male,2023-02-02,Azeri,Cambodian,Vidzeme University College,Electricians
956,Vin,Lambart,vlambartqj@chron.com,female,2023-09-18,Croatian,Chilean,Bicol University,RCRA
957,Penelope,Jozsef,pjozsefqk@themeforest.net,female,2023-07-25,Thai,Indonesian,COMSATS Institute of Information Technology Attock,Eggs
958,Harmony,Josham,hjoshamql@lulu.com,female,2023-06-03,Bislama,Native Hawaiian,Universidad del Sagrado Corazon,USB
959,Melany,Eaken,meakenqm@home.pl,female,2023-09-16,English,Alaska Native,Hogeschool van Amsterdam,Pneumatic Tools
960,Averyl,Congreve,acongreveqn@army.mil,female,2023-03-24,Kyrgyz,Chilean,Mahatma Gandhi University Kerala,Jewelry
961,Les,Eldered,lelderedqo@salon.com,male,2023-07-06,Romanian,Yaqui,Delta International University,Jive SBS
962,Lester,Sebley,lsebleyqp@redcross.org,polygender,2023-04-11,Marathi,Delaware,Taj Institute of Higher Education,Videography
963,Arie,Boyer,aboyerqq@google.co.uk,male,2023-05-29,Hungarian,Blackfeet,Dokkyo University School of Medicine,Cross-functional Coordination
964,Jamal,Andriveau,jandriveauqr@europa.eu,male,2023-07-25,Portuguese,Native Hawaiian,Stefan University,AAAHC
965,Ruprecht,Whisson,rwhissonqs@bbb.org,male,2023-02-04,Portuguese,Micronesian,Stephen F. Austin State University,Zen
967,Libbie,Turbayne,lturbaynequ@java.com,female,2023-04-04,Italian,Honduran,Estonian Business School,RCDD
971,Von,Treen,vtreenqy@oracle.com,male,2023-05-12,Italian,Malaysian,St. Joseph's College New York,Windows Server
972,Patsy,Guare,pguareqz@ed.gov,female,2023-01-11,Dzongkha,Latin American Indian,Isfahan University,CFII
973,Gerek,O'hear,gohearr0@prnewswire.com,male,2023-01-20,Amharic,Pueblo,Sabzevar School of Medical Sciences,Sustainable Agriculture
976,Issie,Hubert,ihubertr3@hostgator.com,female,2023-07-18,Malay,Korean,Yarmouk University,SAP SD Module
977,Ruth,Yarn,ryarnr4@nature.com,female,2023-08-14,Oriya,Venezuelan,Private Hanseuniversität,CCIM
978,Hillary,Sleightholme,hsleightholmer5@gov.uk,male,2023-03-23,Thai,Pueblo,Bob Jones University,Change Management
980,Marcella,Bastide,mbastider7@jimdo.com,female,2023-01-25,Khmer,Choctaw,Kenya Methodist University,Military Experience
982,Cassius,Baddow,cbaddowr9@umn.edu,male,2023-03-02,Sotho,Sioux,Universidad de Occidente,Smartstream TLM
984,Salim,Clayton,sclaytonrb@dedecms.com,male,2023-09-09,Afrikaans,Japanese,New College of Florida,Working Capital Management
986,Dottie,Bleyman,dbleymanrd@answers.com,female,2023-02-03,Papiamento,Panamanian,Université Hassan II  Aïn Chock,Programming
987,Karmen,Orkney,korkneyre@vinaora.com,female,2023-03-23,Gujarati,American Indian,University of Pannonia,Store Operations
988,Matthew,Hellard,mhellardrf@gizmodo.com,male,2023-01-18,Lao,Hmong,University of Toronto,Foreign Affairs
990,Chiquia,Matuszinski,cmatuszinskirh@un.org,female,2023-01-16,Gujarati,Pima,Liaoning Normal University,RDBMS
991,Car,Tween,ctweenri@rediff.com,male,2023-07-25,Amharic,Fijian,Ecole Supérieure de Commerce de Paris,XSLT
992,Sidney,Boeck,sboeckrj@ucla.edu,male,2023-03-09,Catalan,Cherokee,Shahrood University of Medical Sciences,FGD
993,Polly,Boatwright,pboatwrightrk@forbes.com,female,2023-06-20,Portuguese,Navajo,French University in Armenia ,Lyophilization
994,Mela,Ferrarello,mferrarellorl@delicious.com,female,2023-06-19,Yiddish,Taiwanese,Universidad Nacional Experimental Politécnica Antonio José de Sucre,DCAA
995,Merl,Verbeek,mverbeekrm@miitbeian.gov.cn,female,2023-07-12,Lithuanian,Sri Lankan,Universidad Técnica de Ambato,Electric Utility
996,Heddie,Kassman,hkassmanrn@google.com.br,female,2023-07-28,Yiddish,Sioux,Ecole Supérieure de Commerce de MarseilleProvence,PTFE
998,Sorcha,Crummay,scrummayrp@tinypic.com,female,2023-06-28,Marathi,Tlingit-Haida,Keiwa College,Agility
999,Marya,Pollastrino,mpollastrinorq@economist.com,female,2023-04-26,Papiamento,Melanesian,Pandit Ravi Shankar Shukla University,Yardi Voyager
1000,Susann,Stinson,sstinsonrr@abc.net.au,female,2023-05-09,Northern Sotho,Cuban,Saginaw Valley State University,Tax Advisory
